GEO.id,GEO.id2,GEO.display-label,HD01_VD01,HD02_VD01
Id,Id2,Geography,Estimate; Total,Margin of Error; Total
8600000US89010,89010,ZCTA5 89010,512,130
8600000US89019,89019,ZCTA5 89019,1748,553
8600000US89046,89046,ZCTA5 89046,354,99
8600000US89060,89060,ZCTA5 89060,9373,838
8600000US89061,89061,ZCTA5 89061,5360,584
8600000US89439,89439,ZCTA5 89439,1465,232
8600000US90001,90001,ZCTA5 90001,58738,1665
8600000US90002,90002,ZCTA5 90002,52856,1953
8600000US90003,90003,ZCTA5 90003,70490,2162
8600000US90004,90004,ZCTA5 90004,62733,1587
8600000US90005,90005,ZCTA5 90005,39562,1323
8600000US90006,90006,ZCTA5 90006,62329,1575
8600000US90007,90007,ZCTA5 90007,41221,1363
8600000US90008,90008,ZCTA5 90008,32359,1504
8600000US90010,90010,ZCTA5 90010,3759,492
8600000US90011,90011,ZCTA5 90011,108051,2091
8600000US90012,90012,ZCTA5 90012,33783,1094
8600000US90013,90013,ZCTA5 90013,11957,890
8600000US90014,90014,ZCTA5 90014,7408,708
8600000US90015,90015,ZCTA5 90015,20187,1013
8600000US90016,90016,ZCTA5 90016,46303,1587
8600000US90017,90017,ZCTA5 90017,26390,967
8600000US90018,90018,ZCTA5 90018,52287,1479
8600000US90019,90019,ZCTA5 90019,67415,1520
8600000US90020,90020,ZCTA5 90020,39191,1252
8600000US90021,90021,ZCTA5 90021,3158,427
8600000US90022,90022,ZCTA5 90022,67446,1783
8600000US90023,90023,ZCTA5 90023,47229,1391
8600000US90024,90024,ZCTA5 90024,49718,1528
8600000US90025,90025,ZCTA5 90025,47453,1511
8600000US90026,90026,ZCTA5 90026,68609,1482
8600000US90027,90027,ZCTA5 90027,45616,1322
8600000US90028,90028,ZCTA5 90028,31054,1120
8600000US90029,90029,ZCTA5 90029,38843,1198
8600000US90031,90031,ZCTA5 90031,39103,1241
8600000US90032,90032,ZCTA5 90032,47766,1336
8600000US90033,90033,ZCTA5 90033,48841,1567
8600000US90034,90034,ZCTA5 90034,56070,1661
8600000US90035,90035,ZCTA5 90035,29920,1159
8600000US90036,90036,ZCTA5 90036,38116,1115
8600000US90037,90037,ZCTA5 90037,63238,2252
8600000US90038,90038,ZCTA5 90038,27957,1125
8600000US90039,90039,ZCTA5 90039,29092,920
8600000US90040,90040,ZCTA5 90040,12925,349
8600000US90041,90041,ZCTA5 90041,28651,1012
8600000US90042,90042,ZCTA5 90042,63788,1880
8600000US90043,90043,ZCTA5 90043,44571,1636
8600000US90044,90044,ZCTA5 90044,94680,2482
8600000US90045,90045,ZCTA5 90045,41420,1245
8600000US90046,90046,ZCTA5 90046,51615,1052
8600000US90047,90047,ZCTA5 90047,48491,2141
8600000US90048,90048,ZCTA5 90048,22860,974
8600000US90049,90049,ZCTA5 90049,36362,1000
8600000US90056,90056,ZCTA5 90056,8014,695
8600000US90057,90057,ZCTA5 90057,49389,1810
8600000US90058,90058,ZCTA5 90058,3189,974
8600000US90059,90059,ZCTA5 90059,47351,2231
8600000US90061,90061,ZCTA5 90061,28003,1605
8600000US90062,90062,ZCTA5 90062,33627,1565
8600000US90063,90063,ZCTA5 90063,53556,1685
8600000US90064,90064,ZCTA5 90064,26007,925
8600000US90065,90065,ZCTA5 90065,48420,1639
8600000US90066,90066,ZCTA5 90066,59747,1270
8600000US90067,90067,ZCTA5 90067,2235,250
8600000US90068,90068,ZCTA5 90068,21726,940
8600000US90069,90069,ZCTA5 90069,20401,872
8600000US90071,90071,ZCTA5 90071,0,12
8600000US90073,90073,ZCTA5 90073,944,386
8600000US90077,90077,ZCTA5 90077,8936,737
8600000US90079,90079,ZCTA5 90079,0,12
8600000US90089,90089,ZCTA5 90089,3846,436
8600000US90090,90090,ZCTA5 90090,0,12
8600000US90094,90094,ZCTA5 90094,8568,932
8600000US90095,90095,ZCTA5 90095,0,12
8600000US90201,90201,ZCTA5 90201,102878,74
8600000US90210,90210,ZCTA5 90210,20016,1106
8600000US90211,90211,ZCTA5 90211,8019,488
8600000US90212,90212,ZCTA5 90212,13207,770
8600000US90220,90220,ZCTA5 90220,51713,1392
8600000US90221,90221,ZCTA5 90221,54259,1606
8600000US90222,90222,ZCTA5 90222,32585,1576
8600000US90230,90230,ZCTA5 90230,32657,920
8600000US90232,90232,ZCTA5 90232,14865,683
8600000US90240,90240,ZCTA5 90240,26339,1115
8600000US90241,90241,ZCTA5 90241,44097,1481
8600000US90242,90242,ZCTA5 90242,42922,1472
8600000US90245,90245,ZCTA5 90245,16929,56
8600000US90247,90247,ZCTA5 90247,47969,1135
8600000US90248,90248,ZCTA5 90248,10899,668
8600000US90249,90249,ZCTA5 90249,26286,1259
8600000US90250,90250,ZCTA5 90250,97371,1174
8600000US90254,90254,ZCTA5 90254,19750,28
8600000US90255,90255,ZCTA5 90255,75636,868
8600000US90260,90260,ZCTA5 90260,35614,660
8600000US90262,90262,ZCTA5 90262,71306,129
8600000US90263,90263,ZCTA5 90263,1868,230
8600000US90265,90265,ZCTA5 90265,18119,517
8600000US90266,90266,ZCTA5 90266,35698,41
8600000US90270,90270,ZCTA5 90270,27597,127
8600000US90272,90272,ZCTA5 90272,22927,730
8600000US90274,90274,ZCTA5 90274,25374,319
8600000US90275,90275,ZCTA5 90275,42606,86
8600000US90277,90277,ZCTA5 90277,34922,978
8600000US90278,90278,ZCTA5 90278,40808,844
8600000US90280,90280,ZCTA5 90280,95420,35
8600000US90290,90290,ZCTA5 90290,5714,640
8600000US90291,90291,ZCTA5 90291,27170,917
8600000US90292,90292,ZCTA5 90292,22328,1326
8600000US90293,90293,ZCTA5 90293,12762,836
8600000US90301,90301,ZCTA5 90301,37518,1123
8600000US90302,90302,ZCTA5 90302,30892,1039
8600000US90303,90303,ZCTA5 90303,24658,982
8600000US90304,90304,ZCTA5 90304,25937,993
8600000US90305,90305,ZCTA5 90305,15574,1117
8600000US90401,90401,ZCTA5 90401,7485,548
8600000US90402,90402,ZCTA5 90402,11681,682
8600000US90403,90403,ZCTA5 90403,24764,815
8600000US90404,90404,ZCTA5 90404,22586,716
8600000US90405,90405,ZCTA5 90405,28305,871
8600000US90501,90501,ZCTA5 90501,43008,1204
8600000US90502,90502,ZCTA5 90502,18010,808
8600000US90503,90503,ZCTA5 90503,45349,952
8600000US90504,90504,ZCTA5 90504,33422,1002
8600000US90505,90505,ZCTA5 90505,37368,868
8600000US90506,90506,ZCTA5 90506,0,12
8600000US90601,90601,ZCTA5 90601,34025,1251
8600000US90602,90602,ZCTA5 90602,26482,1075
8600000US90603,90603,ZCTA5 90603,20697,788
8600000US90604,90604,ZCTA5 90604,41369,1440
8600000US90605,90605,ZCTA5 90605,41818,1311
8600000US90606,90606,ZCTA5 90606,32599,1326
8600000US90620,90620,ZCTA5 90620,46038,1319
8600000US90621,90621,ZCTA5 90621,36074,1328
8600000US90623,90623,ZCTA5 90623,15882,138
8600000US90630,90630,ZCTA5 90630,49249,249
8600000US90631,90631,ZCTA5 90631,69579,392
8600000US90638,90638,ZCTA5 90638,49797,301
8600000US90640,90640,ZCTA5 90640,63547,121
8600000US90650,90650,ZCTA5 90650,106404,59
8600000US90660,90660,ZCTA5 90660,63694,102
8600000US90670,90670,ZCTA5 90670,16642,216
8600000US90680,90680,ZCTA5 90680,30530,814
8600000US90701,90701,ZCTA5 90701,16912,100
8600000US90703,90703,ZCTA5 90703,50877,491
8600000US90704,90704,ZCTA5 90704,3940,78
8600000US90706,90706,ZCTA5 90706,77852,92
8600000US90710,90710,ZCTA5 90710,28667,1132
8600000US90712,90712,ZCTA5 90712,31471,865
8600000US90713,90713,ZCTA5 90713,28927,719
8600000US90715,90715,ZCTA5 90715,20313,703
8600000US90716,90716,ZCTA5 90716,14409,67
8600000US90717,90717,ZCTA5 90717,21740,392
8600000US90720,90720,ZCTA5 90720,22318,454
8600000US90723,90723,ZCTA5 90723,55020,58
8600000US90731,90731,ZCTA5 90731,61789,1740
8600000US90732,90732,ZCTA5 90732,22408,1177
8600000US90740,90740,ZCTA5 90740,24443,141
8600000US90742,90742,ZCTA5 90742,705,113
8600000US90743,90743,ZCTA5 90743,248,82
8600000US90744,90744,ZCTA5 90744,56779,1225
8600000US90745,90745,ZCTA5 90745,57219,1000
8600000US90746,90746,ZCTA5 90746,26852,1008
8600000US90747,90747,ZCTA5 90747,0,12
8600000US90755,90755,ZCTA5 90755,11581,92
8600000US90802,90802,ZCTA5 90802,40226,1132
8600000US90803,90803,ZCTA5 90803,32116,1087
8600000US90804,90804,ZCTA5 90804,40225,1344
8600000US90805,90805,ZCTA5 90805,96069,1963
8600000US90806,90806,ZCTA5 90806,42587,1315
8600000US90807,90807,ZCTA5 90807,32395,1065
8600000US90808,90808,ZCTA5 90808,38487,941
8600000US90810,90810,ZCTA5 90810,38769,1266
8600000US90813,90813,ZCTA5 90813,60935,1616
8600000US90814,90814,ZCTA5 90814,18175,914
8600000US90815,90815,ZCTA5 90815,40359,907
8600000US90822,90822,ZCTA5 90822,143,123
8600000US90831,90831,ZCTA5 90831,0,12
8600000US91001,91001,ZCTA5 91001,37528,1312
8600000US91006,91006,ZCTA5 91006,33200,1013
8600000US91007,91007,ZCTA5 91007,34357,899
8600000US91008,91008,ZCTA5 91008,1191,139
8600000US91010,91010,ZCTA5 91010,26265,538
8600000US91011,91011,ZCTA5 91011,20499,63
8600000US91016,91016,ZCTA5 91016,42013,842
8600000US91020,91020,ZCTA5 91020,8551,907
8600000US91024,91024,ZCTA5 91024,11061,54
8600000US91030,91030,ZCTA5 91030,25940,62
8600000US91040,91040,ZCTA5 91040,20175,1049
8600000US91042,91042,ZCTA5 91042,26767,1151
8600000US91046,91046,ZCTA5 91046,160,69
8600000US91101,91101,ZCTA5 91101,20719,862
8600000US91103,91103,ZCTA5 91103,28435,1165
8600000US91104,91104,ZCTA5 91104,39178,1180
8600000US91105,91105,ZCTA5 91105,11907,811
8600000US91106,91106,ZCTA5 91106,25479,912
8600000US91107,91107,ZCTA5 91107,32199,1090
8600000US91108,91108,ZCTA5 91108,13769,236
8600000US91201,91201,ZCTA5 91201,23466,749
8600000US91202,91202,ZCTA5 91202,23182,903
8600000US91203,91203,ZCTA5 91203,14393,580
8600000US91204,91204,ZCTA5 91204,18318,887
8600000US91205,91205,ZCTA5 91205,37514,1140
8600000US91206,91206,ZCTA5 91206,34938,1096
8600000US91207,91207,ZCTA5 91207,10288,621
8600000US91208,91208,ZCTA5 91208,17128,830
8600000US91210,91210,ZCTA5 91210,835,329
8600000US91214,91214,ZCTA5 91214,30991,1220
8600000US91301,91301,ZCTA5 91301,26028,555
8600000US91302,91302,ZCTA5 91302,26500,758
8600000US91303,91303,ZCTA5 91303,30380,1108
8600000US91304,91304,ZCTA5 91304,53627,1493
8600000US91306,91306,ZCTA5 91306,49551,1618
8600000US91307,91307,ZCTA5 91307,27233,1002
8600000US91311,91311,ZCTA5 91311,40064,1053
8600000US91316,91316,ZCTA5 91316,30888,1214
8600000US91320,91320,ZCTA5 91320,45852,1154
8600000US91321,91321,ZCTA5 91321,34510,960
8600000US91324,91324,ZCTA5 91324,30101,1183
8600000US91325,91325,ZCTA5 91325,34240,1124
8600000US91326,91326,ZCTA5 91326,36804,963
8600000US91330,91330,ZCTA5 91330,3306,277
8600000US91331,91331,ZCTA5 91331,105696,2258
8600000US91335,91335,ZCTA5 91335,79687,1689
8600000US91340,91340,ZCTA5 91340,35771,1333
8600000US91342,91342,ZCTA5 91342,96177,2119
8600000US91343,91343,ZCTA5 91343,65964,1403
8600000US91344,91344,ZCTA5 91344,53453,1500
8600000US91345,91345,ZCTA5 91345,19022,955
8600000US91350,91350,ZCTA5 91350,37149,994
8600000US91351,91351,ZCTA5 91351,32661,1320
8600000US91352,91352,ZCTA5 91352,47934,1530
8600000US91354,91354,ZCTA5 91354,31027,997
8600000US91355,91355,ZCTA5 91355,31645,975
8600000US91356,91356,ZCTA5 91356,30346,1145
8600000US91360,91360,ZCTA5 91360,43389,929
8600000US91361,91361,ZCTA5 91361,20826,632
8600000US91362,91362,ZCTA5 91362,36071,940
8600000US91364,91364,ZCTA5 91364,27031,1011
8600000US91367,91367,ZCTA5 91367,43370,1233
8600000US91371,91371,ZCTA5 91371,0,12
8600000US91377,91377,ZCTA5 91377,14440,806
8600000US91381,91381,ZCTA5 91381,20530,689
8600000US91384,91384,ZCTA5 91384,29283,768
8600000US91387,91387,ZCTA5 91387,43319,1309
8600000US91390,91390,ZCTA5 91390,19521,984
8600000US91401,91401,ZCTA5 91401,40995,1429
8600000US91402,91402,ZCTA5 91402,71317,1714
8600000US91403,91403,ZCTA5 91403,24677,864
8600000US91405,91405,ZCTA5 91405,54770,1643
8600000US91406,91406,ZCTA5 91406,56200,1661
8600000US91411,91411,ZCTA5 91411,25210,1056
8600000US91423,91423,ZCTA5 91423,33641,957
8600000US91436,91436,ZCTA5 91436,14794,792
8600000US91501,91501,ZCTA5 91501,20892,979
8600000US91502,91502,ZCTA5 91502,11645,918
8600000US91504,91504,ZCTA5 91504,26558,965
8600000US91505,91505,ZCTA5 91505,30997,834
8600000US91506,91506,ZCTA5 91506,18245,643
8600000US91601,91601,ZCTA5 91601,38379,1463
8600000US91602,91602,ZCTA5 91602,18944,863
8600000US91604,91604,ZCTA5 91604,30642,1069
8600000US91605,91605,ZCTA5 91605,52386,1551
8600000US91606,91606,ZCTA5 91606,44352,1513
8600000US91607,91607,ZCTA5 91607,31383,1136
8600000US91608,91608,ZCTA5 91608,0,12
8600000US91701,91701,ZCTA5 91701,39628,1101
8600000US91702,91702,ZCTA5 91702,61739,888
8600000US91706,91706,ZCTA5 91706,77819,155
8600000US91708,91708,ZCTA5 91708,3154,460
8600000US91709,91709,ZCTA5 91709,78025,62
8600000US91710,91710,ZCTA5 91710,88862,1062
8600000US91711,91711,ZCTA5 91711,36933,450
8600000US91722,91722,ZCTA5 91722,36557,1358
8600000US91723,91723,ZCTA5 91723,20193,1001
8600000US91724,91724,ZCTA5 91724,25755,1147
8600000US91730,91730,ZCTA5 91730,70545,1743
8600000US91731,91731,ZCTA5 91731,30063,1378
8600000US91732,91732,ZCTA5 91732,63557,1590
8600000US91733,91733,ZCTA5 91733,44989,1360
8600000US91737,91737,ZCTA5 91737,25759,951
8600000US91739,91739,ZCTA5 91739,39069,1216
8600000US91740,91740,ZCTA5 91740,26067,889
8600000US91741,91741,ZCTA5 91741,26610,899
8600000US91744,91744,ZCTA5 91744,86982,1791
8600000US91745,91745,ZCTA5 91745,54166,1278
8600000US91746,91746,ZCTA5 91746,30640,1402
8600000US91748,91748,ZCTA5 91748,47114,1333
8600000US91750,91750,ZCTA5 91750,34017,290
8600000US91752,91752,ZCTA5 91752,30716,1471
8600000US91754,91754,ZCTA5 91754,33114,837
8600000US91755,91755,ZCTA5 91755,27942,839
8600000US91759,91759,ZCTA5 91759,426,112
8600000US91761,91761,ZCTA5 91761,60560,1435
8600000US91762,91762,ZCTA5 91762,59433,1668
8600000US91763,91763,ZCTA5 91763,38211,220
8600000US91764,91764,ZCTA5 91764,53750,1443
8600000US91765,91765,ZCTA5 91765,47398,528
8600000US91766,91766,ZCTA5 91766,72787,1446
8600000US91767,91767,ZCTA5 91767,49492,1268
8600000US91768,91768,ZCTA5 91768,36122,1236
8600000US91770,91770,ZCTA5 91770,63981,933
8600000US91773,91773,ZCTA5 91773,34555,272
8600000US91775,91775,ZCTA5 91775,25156,779
8600000US91776,91776,ZCTA5 91776,38322,702
8600000US91780,91780,ZCTA5 91780,35184,761
8600000US91784,91784,ZCTA5 91784,25908,745
8600000US91786,91786,ZCTA5 91786,53339,688
8600000US91789,91789,ZCTA5 91789,44115,592
8600000US91790,91790,ZCTA5 91790,45958,1187
8600000US91791,91791,ZCTA5 91791,33953,1142
8600000US91792,91792,ZCTA5 91792,29787,1046
8600000US91801,91801,ZCTA5 91801,54928,983
8600000US91803,91803,ZCTA5 91803,30137,983
8600000US91901,91901,ZCTA5 91901,18238,997
8600000US91902,91902,ZCTA5 91902,19762,1376
8600000US91905,91905,ZCTA5 91905,1528,486
8600000US91906,91906,ZCTA5 91906,3426,564
8600000US91910,91910,ZCTA5 91910,76250,1826
8600000US91911,91911,ZCTA5 91911,84025,2653
8600000US91913,91913,ZCTA5 91913,49346,2424
8600000US91914,91914,ZCTA5 91914,17186,958
8600000US91915,91915,ZCTA5 91915,32073,1554
8600000US91916,91916,ZCTA5 91916,1752,244
8600000US91917,91917,ZCTA5 91917,1125,461
8600000US91931,91931,ZCTA5 91931,370,251
8600000US91932,91932,ZCTA5 91932,26713,221
8600000US91934,91934,ZCTA5 91934,298,182
8600000US91935,91935,ZCTA5 91935,8547,947
8600000US91941,91941,ZCTA5 91941,32944,1107
8600000US91942,91942,ZCTA5 91942,40239,789
8600000US91945,91945,ZCTA5 91945,26983,238
8600000US91948,91948,ZCTA5 91948,14,22
8600000US91950,91950,ZCTA5 91950,62386,343
8600000US91962,91962,ZCTA5 91962,2530,548
8600000US91963,91963,ZCTA5 91963,957,358
8600000US91977,91977,ZCTA5 91977,61377,1853
8600000US91978,91978,ZCTA5 91978,9829,761
8600000US91980,91980,ZCTA5 91980,623,860
8600000US92003,92003,ZCTA5 92003,5161,780
8600000US92004,92004,ZCTA5 92004,2315,598
8600000US92007,92007,ZCTA5 92007,11301,643
8600000US92008,92008,ZCTA5 92008,27537,1273
8600000US92009,92009,ZCTA5 92009,44632,1056
8600000US92010,92010,ZCTA5 92010,15694,1008
8600000US92011,92011,ZCTA5 92011,24895,1055
8600000US92014,92014,ZCTA5 92014,14048,538
8600000US92019,92019,ZCTA5 92019,43116,1630
8600000US92020,92020,ZCTA5 92020,58862,1464
8600000US92021,92021,ZCTA5 92021,71127,2156
8600000US92024,92024,ZCTA5 92024,51309,649
8600000US92025,92025,ZCTA5 92025,53470,1328
8600000US92026,92026,ZCTA5 92026,48757,1494
8600000US92027,92027,ZCTA5 92027,57746,1506
8600000US92028,92028,ZCTA5 92028,48015,1660
8600000US92029,92029,ZCTA5 92029,18615,818
8600000US92036,92036,ZCTA5 92036,2201,356
8600000US92037,92037,ZCTA5 92037,39893,1300
8600000US92040,92040,ZCTA5 92040,44243,1665
8600000US92054,92054,ZCTA5 92054,43554,1684
8600000US92055,92055,ZCTA5 92055,11959,1352
8600000US92056,92056,ZCTA5 92056,54181,1477
8600000US92057,92057,ZCTA5 92057,57276,1441
8600000US92058,92058,ZCTA5 92058,46569,2026
8600000US92059,92059,ZCTA5 92059,1271,264
8600000US92060,92060,ZCTA5 92060,101,57
8600000US92061,92061,ZCTA5 92061,2259,630
8600000US92064,92064,ZCTA5 92064,49981,105
8600000US92065,92065,ZCTA5 92065,37826,1619
8600000US92066,92066,ZCTA5 92066,580,227
8600000US92067,92067,ZCTA5 92067,9028,1221
8600000US92069,92069,ZCTA5 92069,49638,1351
8600000US92070,92070,ZCTA5 92070,919,177
8600000US92071,92071,ZCTA5 92071,57245,132
8600000US92075,92075,ZCTA5 92075,12754,256
8600000US92078,92078,ZCTA5 92078,49261,1456
8600000US92081,92081,ZCTA5 92081,29039,1259
8600000US92082,92082,ZCTA5 92082,19263,1727
8600000US92083,92083,ZCTA5 92083,38107,1446
8600000US92084,92084,ZCTA5 92084,51334,1493
8600000US92086,92086,ZCTA5 92086,1675,237
8600000US92091,92091,ZCTA5 92091,1458,323
8600000US92101,92101,ZCTA5 92101,38023,1491
8600000US92102,92102,ZCTA5 92102,44644,1706
8600000US92103,92103,ZCTA5 92103,34671,1268
8600000US92104,92104,ZCTA5 92104,44398,1532
8600000US92105,92105,ZCTA5 92105,73379,2501
8600000US92106,92106,ZCTA5 92106,19250,1177
8600000US92107,92107,ZCTA5 92107,29796,1180
8600000US92108,92108,ZCTA5 92108,21973,1318
8600000US92109,92109,ZCTA5 92109,49024,1739
8600000US92110,92110,ZCTA5 92110,28373,1219
8600000US92111,92111,ZCTA5 92111,49467,1362
8600000US92113,92113,ZCTA5 92113,56478,1871
8600000US92114,92114,ZCTA5 92114,69635,1863
8600000US92115,92115,ZCTA5 92115,65704,2041
8600000US92116,92116,ZCTA5 92116,34295,1401
8600000US92117,92117,ZCTA5 92117,55978,1413
8600000US92118,92118,ZCTA5 92118,22623,451
8600000US92119,92119,ZCTA5 92119,23910,851
8600000US92120,92120,ZCTA5 92120,29392,1128
8600000US92121,92121,ZCTA5 92121,4807,366
8600000US92122,92122,ZCTA5 92122,47331,1651
8600000US92123,92123,ZCTA5 92123,31028,1342
8600000US92124,92124,ZCTA5 92124,32126,992
8600000US92126,92126,ZCTA5 92126,81883,1871
8600000US92127,92127,ZCTA5 92127,45980,1392
8600000US92128,92128,ZCTA5 92128,50473,1287
8600000US92129,92129,ZCTA5 92129,54577,1262
8600000US92130,92130,ZCTA5 92130,54495,1610
8600000US92131,92131,ZCTA5 92131,34414,1236
8600000US92132,92132,ZCTA5 92132,0,12
8600000US92134,92134,ZCTA5 92134,258,235
8600000US92135,92135,ZCTA5 92135,944,423
8600000US92139,92139,ZCTA5 92139,36836,1266
8600000US92140,92140,ZCTA5 92140,3348,549
8600000US92145,92145,ZCTA5 92145,2159,423
8600000US92147,92147,ZCTA5 92147,562,238
8600000US92154,92154,ZCTA5 92154,87218,2207
8600000US92155,92155,ZCTA5 92155,486,158
8600000US92173,92173,ZCTA5 92173,31728,1026
8600000US92201,92201,ZCTA5 92201,64283,1227
8600000US92203,92203,ZCTA5 92203,30945,1555
8600000US92210,92210,ZCTA5 92210,5060,83
8600000US92211,92211,ZCTA5 92211,25015,1167
8600000US92220,92220,ZCTA5 92220,33016,499
8600000US92222,92222,ZCTA5 92222,0,12
8600000US92223,92223,ZCTA5 92223,52129,862
8600000US92225,92225,ZCTA5 92225,21966,540
8600000US92227,92227,ZCTA5 92227,27358,267
8600000US92230,92230,ZCTA5 92230,3962,764
8600000US92231,92231,ZCTA5 92231,40054,98
8600000US92233,92233,ZCTA5 92233,7653,163
8600000US92234,92234,ZCTA5 92234,53717,59
8600000US92236,92236,ZCTA5 92236,44523,199
8600000US92239,92239,ZCTA5 92239,164,70
8600000US92240,92240,ZCTA5 92240,35434,1034
8600000US92241,92241,ZCTA5 92241,7936,793
8600000US92242,92242,ZCTA5 92242,1209,186
8600000US92243,92243,ZCTA5 92243,49915,759
8600000US92249,92249,ZCTA5 92249,8166,980
8600000US92250,92250,ZCTA5 92250,8689,342
8600000US92251,92251,ZCTA5 92251,22813,582
8600000US92252,92252,ZCTA5 92252,9232,1063
8600000US92253,92253,ZCTA5 92253,39955,188
8600000US92254,92254,ZCTA5 92254,11550,1268
8600000US92256,92256,ZCTA5 92256,3250,366
8600000US92257,92257,ZCTA5 92257,1610,408
8600000US92258,92258,ZCTA5 92258,685,382
8600000US92259,92259,ZCTA5 92259,181,119
8600000US92260,92260,ZCTA5 92260,34091,904
8600000US92262,92262,ZCTA5 92262,28377,554
8600000US92264,92264,ZCTA5 92264,19664,549
8600000US92266,92266,ZCTA5 92266,103,73
8600000US92267,92267,ZCTA5 92267,5,7
8600000US92268,92268,ZCTA5 92268,539,135
8600000US92270,92270,ZCTA5 92270,17975,38
8600000US92273,92273,ZCTA5 92273,1665,434
8600000US92274,92274,ZCTA5 92274,17298,1471
8600000US92275,92275,ZCTA5 92275,2139,502
8600000US92276,92276,ZCTA5 92276,7278,905
8600000US92277,92277,ZCTA5 92277,23978,675
8600000US92278,92278,ZCTA5 92278,4154,543
8600000US92280,92280,ZCTA5 92280,17,23
8600000US92281,92281,ZCTA5 92281,2576,350
8600000US92282,92282,ZCTA5 92282,1498,267
8600000US92283,92283,ZCTA5 92283,1970,290
8600000US92284,92284,ZCTA5 92284,26000,494
8600000US92285,92285,ZCTA5 92285,2597,488
8600000US92301,92301,ZCTA5 92301,33347,193
8600000US92304,92304,ZCTA5 92304,23,30
8600000US92305,92305,ZCTA5 92305,507,162
8600000US92307,92307,ZCTA5 92307,38304,1218
8600000US92308,92308,ZCTA5 92308,41442,1238
8600000US92309,92309,ZCTA5 92309,656,226
8600000US92310,92310,ZCTA5 92310,9053,934
8600000US92311,92311,ZCTA5 92311,33938,1007
8600000US92313,92313,ZCTA5 92313,12478,67
8600000US92314,92314,ZCTA5 92314,11309,878
8600000US92315,92315,ZCTA5 92315,5255,80
8600000US92316,92316,ZCTA5 92316,29304,1459
8600000US92320,92320,ZCTA5 92320,8457,67
8600000US92321,92321,ZCTA5 92321,1210,390
8600000US92322,92322,ZCTA5 92322,719,347
8600000US92324,92324,ZCTA5 92324,58650,764
8600000US92325,92325,ZCTA5 92325,8789,965
8600000US92327,92327,ZCTA5 92327,718,398
8600000US92328,92328,ZCTA5 92328,320,87
8600000US92332,92332,ZCTA5 92332,11,13
8600000US92333,92333,ZCTA5 92333,300,128
8600000US92335,92335,ZCTA5 92335,99791,2346
8600000US92336,92336,ZCTA5 92336,94327,1765
8600000US92337,92337,ZCTA5 92337,38938,1129
8600000US92338,92338,ZCTA5 92338,0,12
8600000US92339,92339,ZCTA5 92339,1295,225
8600000US92341,92341,ZCTA5 92341,232,116
8600000US92342,92342,ZCTA5 92342,7096,977
8600000US92344,92344,ZCTA5 92344,23275,1532
8600000US92345,92345,ZCTA5 92345,80910,1412
8600000US92346,92346,ZCTA5 92346,60424,1795
8600000US92347,92347,ZCTA5 92347,917,442
8600000US92352,92352,ZCTA5 92352,6237,866
8600000US92354,92354,ZCTA5 92354,21341,807
8600000US92356,92356,ZCTA5 92356,6239,638
8600000US92358,92358,ZCTA5 92358,954,230
8600000US92359,92359,ZCTA5 92359,8913,667
8600000US92363,92363,ZCTA5 92363,5384,96
8600000US92364,92364,ZCTA5 92364,0,12
8600000US92365,92365,ZCTA5 92365,2763,593
8600000US92368,92368,ZCTA5 92368,941,198
8600000US92371,92371,ZCTA5 92371,17799,1587
8600000US92372,92372,ZCTA5 92372,6228,1053
8600000US92373,92373,ZCTA5 92373,34063,1239
8600000US92374,92374,ZCTA5 92374,42579,1062
8600000US92376,92376,ZCTA5 92376,86937,1814
8600000US92377,92377,ZCTA5 92377,19490,1204
8600000US92378,92378,ZCTA5 92378,211,145
8600000US92382,92382,ZCTA5 92382,4822,686
8600000US92384,92384,ZCTA5 92384,17,16
8600000US92385,92385,ZCTA5 92385,289,143
8600000US92386,92386,ZCTA5 92386,2004,474
8600000US92389,92389,ZCTA5 92389,153,58
8600000US92391,92391,ZCTA5 92391,2738,688
8600000US92392,92392,ZCTA5 92392,57678,2776
8600000US92394,92394,ZCTA5 92394,35528,2250
8600000US92395,92395,ZCTA5 92395,41785,1824
8600000US92397,92397,ZCTA5 92397,4457,622
8600000US92398,92398,ZCTA5 92398,2058,750
8600000US92399,92399,ZCTA5 92399,54027,339
8600000US92401,92401,ZCTA5 92401,2030,468
8600000US92404,92404,ZCTA5 92404,60850,2160
8600000US92405,92405,ZCTA5 92405,30366,1772
8600000US92407,92407,ZCTA5 92407,67302,2032
8600000US92408,92408,ZCTA5 92408,15466,1147
8600000US92410,92410,ZCTA5 92410,46063,1613
8600000US92411,92411,ZCTA5 92411,26239,1323
8600000US92501,92501,ZCTA5 92501,21707,975
8600000US92503,92503,ZCTA5 92503,94523,2065
8600000US92504,92504,ZCTA5 92504,57955,2015
8600000US92505,92505,ZCTA5 92505,50110,1429
8600000US92506,92506,ZCTA5 92506,45831,1550
8600000US92507,92507,ZCTA5 92507,58017,2405
8600000US92508,92508,ZCTA5 92508,39121,1264
8600000US92509,92509,ZCTA5 92509,81093,808
8600000US92518,92518,ZCTA5 92518,1065,255
8600000US92530,92530,ZCTA5 92530,57204,1817
8600000US92532,92532,ZCTA5 92532,22770,1642
8600000US92536,92536,ZCTA5 92536,3013,789
8600000US92539,92539,ZCTA5 92539,4726,1095
8600000US92543,92543,ZCTA5 92543,37825,1314
8600000US92544,92544,ZCTA5 92544,47880,1550
8600000US92545,92545,ZCTA5 92545,41738,1267
8600000US92548,92548,ZCTA5 92548,8256,776
8600000US92549,92549,ZCTA5 92549,2689,390
8600000US92551,92551,ZCTA5 92551,33980,1340
8600000US92553,92553,ZCTA5 92553,74918,1542
8600000US92555,92555,ZCTA5 92555,43436,1336
8600000US92557,92557,ZCTA5 92557,51789,1430
8600000US92561,92561,ZCTA5 92561,1812,498
8600000US92562,92562,ZCTA5 92562,63032,1451
8600000US92563,92563,ZCTA5 92563,64686,1755
8600000US92567,92567,ZCTA5 92567,10003,756
8600000US92570,92570,ZCTA5 92570,60349,2413
8600000US92571,92571,ZCTA5 92571,55814,1405
8600000US92582,92582,ZCTA5 92582,16437,1304
8600000US92583,92583,ZCTA5 92583,32682,1311
8600000US92584,92584,ZCTA5 92584,51523,1485
8600000US92585,92585,ZCTA5 92585,21077,1351
8600000US92586,92586,ZCTA5 92586,20186,782
8600000US92587,92587,ZCTA5 92587,17095,881
8600000US92590,92590,ZCTA5 92590,4090,488
8600000US92591,92591,ZCTA5 92591,40601,1035
8600000US92592,92592,ZCTA5 92592,82551,1563
8600000US92595,92595,ZCTA5 92595,32647,479
8600000US92596,92596,ZCTA5 92596,28039,1592
8600000US92602,92602,ZCTA5 92602,26351,2321
8600000US92603,92603,ZCTA5 92603,20741,1499
8600000US92604,92604,ZCTA5 92604,28656,953
8600000US92606,92606,ZCTA5 92606,23895,1118
8600000US92610,92610,ZCTA5 92610,12025,741
8600000US92612,92612,ZCTA5 92612,32083,1027
8600000US92614,92614,ZCTA5 92614,25271,1131
8600000US92617,92617,ZCTA5 92617,17232,968
8600000US92618,92618,ZCTA5 92618,34704,1575
8600000US92620,92620,ZCTA5 92620,48752,1826
8600000US92624,92624,ZCTA5 92624,6314,713
8600000US92625,92625,ZCTA5 92625,12323,696
8600000US92626,92626,ZCTA5 92626,51251,1045
8600000US92627,92627,ZCTA5 92627,62184,1059
8600000US92629,92629,ZCTA5 92629,27063,781
8600000US92630,92630,ZCTA5 92630,62230,780
8600000US92637,92637,ZCTA5 92637,16314,43
8600000US92646,92646,ZCTA5 92646,55869,1132
8600000US92647,92647,ZCTA5 92647,62141,1229
8600000US92648,92648,ZCTA5 92648,47424,1185
8600000US92649,92649,ZCTA5 92649,34276,1021
8600000US92651,92651,ZCTA5 92651,24828,932
8600000US92653,92653,ZCTA5 92653,29554,710
8600000US92655,92655,ZCTA5 92655,8846,856
8600000US92656,92656,ZCTA5 92656,52372,699
8600000US92657,92657,ZCTA5 92657,9947,839
8600000US92660,92660,ZCTA5 92660,36406,1170
8600000US92661,92661,ZCTA5 92661,3426,448
8600000US92662,92662,ZCTA5 92662,2799,334
8600000US92663,92663,ZCTA5 92663,21657,967
8600000US92672,92672,ZCTA5 92672,34671,1032
8600000US92673,92673,ZCTA5 92673,30537,1028
8600000US92675,92675,ZCTA5 92675,36686,246
8600000US92676,92676,ZCTA5 92676,2088,243
8600000US92677,92677,ZCTA5 92677,66077,396
8600000US92678,92678,ZCTA5 92678,518,113
8600000US92679,92679,ZCTA5 92679,32738,1051
8600000US92683,92683,ZCTA5 92683,91758,107
8600000US92688,92688,ZCTA5 92688,45062,706
8600000US92691,92691,ZCTA5 92691,50287,1021
8600000US92692,92692,ZCTA5 92692,48485,1136
8600000US92694,92694,ZCTA5 92694,27582,977
8600000US92701,92701,ZCTA5 92701,51732,1804
8600000US92703,92703,ZCTA5 92703,71963,1995
8600000US92704,92704,ZCTA5 92704,90525,2106
8600000US92705,92705,ZCTA5 92705,46833,1479
8600000US92706,92706,ZCTA5 92706,35276,1786
8600000US92707,92707,ZCTA5 92707,62408,1602
8600000US92708,92708,ZCTA5 92708,57779,382
8600000US92780,92780,ZCTA5 92780,61615,1419
8600000US92782,92782,ZCTA5 92782,23956,1211
8600000US92801,92801,ZCTA5 92801,67094,1876
8600000US92802,92802,ZCTA5 92802,42476,1477
8600000US92804,92804,ZCTA5 92804,88065,2256
8600000US92805,92805,ZCTA5 92805,73140,1800
8600000US92806,92806,ZCTA5 92806,40174,1551
8600000US92807,92807,ZCTA5 92807,35980,1220
8600000US92808,92808,ZCTA5 92808,20726,691
8600000US92821,92821,ZCTA5 92821,37840,524
8600000US92823,92823,ZCTA5 92823,4104,536
8600000US92831,92831,ZCTA5 92831,37686,1030
8600000US92832,92832,ZCTA5 92832,25182,1002
8600000US92833,92833,ZCTA5 92833,52950,1129
8600000US92835,92835,ZCTA5 92835,23513,839
8600000US92840,92840,ZCTA5 92840,55928,1739
8600000US92841,92841,ZCTA5 92841,34228,1253
8600000US92843,92843,ZCTA5 92843,45198,1400
8600000US92844,92844,ZCTA5 92844,24050,857
8600000US92845,92845,ZCTA5 92845,16917,545
8600000US92860,92860,ZCTA5 92860,26613,225
8600000US92861,92861,ZCTA5 92861,5893,65
8600000US92865,92865,ZCTA5 92865,20993,794
8600000US92866,92866,ZCTA5 92866,15388,1091
8600000US92867,92867,ZCTA5 92867,44545,1319
8600000US92868,92868,ZCTA5 92868,28148,1191
8600000US92869,92869,ZCTA5 92869,36598,1043
8600000US92870,92870,ZCTA5 92870,53642,352
8600000US92879,92879,ZCTA5 92879,45767,1477
8600000US92880,92880,ZCTA5 92880,68915,1840
8600000US92881,92881,ZCTA5 92881,34039,1574
8600000US92882,92882,ZCTA5 92882,71188,1640
8600000US92883,92883,ZCTA5 92883,33982,1317
8600000US92886,92886,ZCTA5 92886,50543,635
8600000US92887,92887,ZCTA5 92887,20143,605
8600000US93001,93001,ZCTA5 93001,33354,1303
8600000US93003,93003,ZCTA5 93003,51956,1250
8600000US93004,93004,ZCTA5 93004,30494,1065
8600000US93010,93010,ZCTA5 93010,44122,957
8600000US93012,93012,ZCTA5 93012,36234,986
8600000US93013,93013,ZCTA5 93013,16735,499
8600000US93015,93015,ZCTA5 93015,17713,534
8600000US93021,93021,ZCTA5 93021,37989,567
8600000US93022,93022,ZCTA5 93022,7147,626
8600000US93023,93023,ZCTA5 93023,20272,915
8600000US93030,93030,ZCTA5 93030,60191,1663
8600000US93033,93033,ZCTA5 93033,83572,1596
8600000US93035,93035,ZCTA5 93035,28795,1094
8600000US93036,93036,ZCTA5 93036,47234,1670
8600000US93040,93040,ZCTA5 93040,1832,269
8600000US93041,93041,ZCTA5 93041,24487,254
8600000US93042,93042,ZCTA5 93042,99,74
8600000US93043,93043,ZCTA5 93043,363,280
8600000US93060,93060,ZCTA5 93060,34226,568
8600000US93063,93063,ZCTA5 93063,56457,1117
8600000US93064,93064,ZCTA5 93064,0,12
8600000US93065,93065,ZCTA5 93065,72763,1076
8600000US93066,93066,ZCTA5 93066,3208,405
8600000US93067,93067,ZCTA5 93067,579,227
8600000US93101,93101,ZCTA5 93101,32101,1298
8600000US93103,93103,ZCTA5 93103,20698,1056
8600000US93105,93105,ZCTA5 93105,26177,1024
8600000US93108,93108,ZCTA5 93108,11178,592
8600000US93109,93109,ZCTA5 93109,12066,922
8600000US93110,93110,ZCTA5 93110,16838,892
8600000US93111,93111,ZCTA5 93111,18334,1038
8600000US93117,93117,ZCTA5 93117,57913,999
8600000US93201,93201,ZCTA5 93201,1315,225
8600000US93202,93202,ZCTA5 93202,3684,613
8600000US93203,93203,ZCTA5 93203,22471,419
8600000US93204,93204,ZCTA5 93204,13119,25
8600000US93205,93205,ZCTA5 93205,1593,607
8600000US93206,93206,ZCTA5 93206,2044,353
8600000US93207,93207,ZCTA5 93207,269,101
8600000US93208,93208,ZCTA5 93208,48,70
8600000US93210,93210,ZCTA5 93210,18163,379
8600000US93212,93212,ZCTA5 93212,24384,546
8600000US93215,93215,ZCTA5 93215,55845,1075
8600000US93218,93218,ZCTA5 93218,889,224
8600000US93219,93219,ZCTA5 93219,10375,881
8600000US93220,93220,ZCTA5 93220,313,408
8600000US93221,93221,ZCTA5 93221,15036,587
8600000US93222,93222,ZCTA5 93222,1420,412
8600000US93223,93223,ZCTA5 93223,10738,32
8600000US93224,93224,ZCTA5 93224,402,92
8600000US93225,93225,ZCTA5 93225,5319,760
8600000US93226,93226,ZCTA5 93226,195,84
8600000US93230,93230,ZCTA5 93230,66235,742
8600000US93234,93234,ZCTA5 93234,7028,77
8600000US93235,93235,ZCTA5 93235,3804,614
8600000US93238,93238,ZCTA5 93238,1408,482
8600000US93239,93239,ZCTA5 93239,1688,432
8600000US93240,93240,ZCTA5 93240,6960,953
8600000US93241,93241,ZCTA5 93241,16969,840
8600000US93242,93242,ZCTA5 93242,3352,421
8600000US93243,93243,ZCTA5 93243,1709,714
8600000US93244,93244,ZCTA5 93244,402,150
8600000US93245,93245,ZCTA5 93245,37907,799
8600000US93247,93247,ZCTA5 93247,18487,673
8600000US93249,93249,ZCTA5 93249,2264,280
8600000US93250,93250,ZCTA5 93250,15523,742
8600000US93251,93251,ZCTA5 93251,243,77
8600000US93252,93252,ZCTA5 93252,3188,245
8600000US93254,93254,ZCTA5 93254,626,215
8600000US93255,93255,ZCTA5 93255,707,330
8600000US93256,93256,ZCTA5 93256,6113,787
8600000US93257,93257,ZCTA5 93257,76676,1536
8600000US93258,93258,ZCTA5 93258,2254,480
8600000US93260,93260,ZCTA5 93260,193,115
8600000US93261,93261,ZCTA5 93261,3014,366
8600000US93262,93262,ZCTA5 93262,75,35
8600000US93263,93263,ZCTA5 93263,20710,433
8600000US93265,93265,ZCTA5 93265,3388,523
8600000US93266,93266,ZCTA5 93266,1440,417
8600000US93267,93267,ZCTA5 93267,7045,948
8600000US93268,93268,ZCTA5 93268,17620,863
8600000US93270,93270,ZCTA5 93270,5605,608
8600000US93271,93271,ZCTA5 93271,2268,260
8600000US93272,93272,ZCTA5 93272,4186,512
8600000US93274,93274,ZCTA5 93274,72918,891
8600000US93276,93276,ZCTA5 93276,159,65
8600000US93277,93277,ZCTA5 93277,52785,1517
8600000US93280,93280,ZCTA5 93280,27552,258
8600000US93283,93283,ZCTA5 93283,2086,532
8600000US93285,93285,ZCTA5 93285,1723,378
8600000US93286,93286,ZCTA5 93286,9916,538
8600000US93287,93287,ZCTA5 93287,74,40
8600000US93291,93291,ZCTA5 93291,56627,1880
8600000US93292,93292,ZCTA5 93292,40512,1894
8600000US93301,93301,ZCTA5 93301,12345,882
8600000US93304,93304,ZCTA5 93304,50787,1664
8600000US93305,93305,ZCTA5 93305,39114,1422
8600000US93306,93306,ZCTA5 93306,70208,1832
8600000US93307,93307,ZCTA5 93307,84948,2338
8600000US93308,93308,ZCTA5 93308,54042,1813
8600000US93309,93309,ZCTA5 93309,60893,1459
8600000US93311,93311,ZCTA5 93311,44862,1739
8600000US93312,93312,ZCTA5 93312,59359,1790
8600000US93313,93313,ZCTA5 93313,51245,2164
8600000US93314,93314,ZCTA5 93314,26992,1563
8600000US93401,93401,ZCTA5 93401,29108,898
8600000US93402,93402,ZCTA5 93402,15730,660
8600000US93405,93405,ZCTA5 93405,35534,911
8600000US93410,93410,ZCTA5 93410,0,12
8600000US93420,93420,ZCTA5 93420,29940,863
8600000US93422,93422,ZCTA5 93422,33221,867
8600000US93424,93424,ZCTA5 93424,684,249
8600000US93426,93426,ZCTA5 93426,1839,298
8600000US93427,93427,ZCTA5 93427,5757,421
8600000US93428,93428,ZCTA5 93428,6155,415
8600000US93429,93429,ZCTA5 93429,147,69
8600000US93430,93430,ZCTA5 93430,3101,359
8600000US93432,93432,ZCTA5 93432,990,275
8600000US93433,93433,ZCTA5 93433,13524,43
8600000US93434,93434,ZCTA5 93434,7313,52
8600000US93436,93436,ZCTA5 93436,56606,802
8600000US93437,93437,ZCTA5 93437,3450,276
8600000US93440,93440,ZCTA5 93440,1601,475
8600000US93441,93441,ZCTA5 93441,996,191
8600000US93442,93442,ZCTA5 93442,11084,183
8600000US93444,93444,ZCTA5 93444,20049,1070
8600000US93445,93445,ZCTA5 93445,7714,737
8600000US93446,93446,ZCTA5 93446,44911,991
8600000US93449,93449,ZCTA5 93449,8060,22
8600000US93450,93450,ZCTA5 93450,853,273
8600000US93451,93451,ZCTA5 93451,4189,579
8600000US93452,93452,ZCTA5 93452,728,444
8600000US93453,93453,ZCTA5 93453,3345,620
8600000US93454,93454,ZCTA5 93454,40333,1384
8600000US93455,93455,ZCTA5 93455,44490,1446
8600000US93458,93458,ZCTA5 93458,56702,1353
8600000US93460,93460,ZCTA5 93460,4886,613
8600000US93461,93461,ZCTA5 93461,1545,400
8600000US93463,93463,ZCTA5 93463,8011,494
8600000US93465,93465,ZCTA5 93465,8905,851
8600000US93501,93501,ZCTA5 93501,5063,511
8600000US93505,93505,ZCTA5 93505,13445,74
8600000US93510,93510,ZCTA5 93510,7836,519
8600000US93512,93512,ZCTA5 93512,293,115
8600000US93513,93513,ZCTA5 93513,1715,162
8600000US93514,93514,ZCTA5 93514,14574,472
8600000US93516,93516,ZCTA5 93516,2425,344
8600000US93517,93517,ZCTA5 93517,658,285
8600000US93518,93518,ZCTA5 93518,995,240
8600000US93519,93519,ZCTA5 93519,28,43
8600000US93522,93522,ZCTA5 93522,34,25
8600000US93523,93523,ZCTA5 93523,3312,327
8600000US93524,93524,ZCTA5 93524,168,43
8600000US93526,93526,ZCTA5 93526,640,108
8600000US93527,93527,ZCTA5 93527,1852,580
8600000US93528,93528,ZCTA5 93528,124,124
8600000US93529,93529,ZCTA5 93529,383,266
8600000US93530,93530,ZCTA5 93530,10,8
8600000US93531,93531,ZCTA5 93531,422,228
8600000US93532,93532,ZCTA5 93532,2857,422
8600000US93534,93534,ZCTA5 93534,39166,1384
8600000US93535,93535,ZCTA5 93535,73728,1867
8600000US93536,93536,ZCTA5 93536,71303,1521
8600000US93541,93541,ZCTA5 93541,506,257
8600000US93543,93543,ZCTA5 93543,14748,1398
8600000US93544,93544,ZCTA5 93544,1099,354
8600000US93545,93545,ZCTA5 93545,1818,305
8600000US93546,93546,ZCTA5 93546,9346,391
8600000US93549,93549,ZCTA5 93549,250,96
8600000US93550,93550,ZCTA5 93550,75774,1586
8600000US93551,93551,ZCTA5 93551,51896,1333
8600000US93552,93552,ZCTA5 93552,41320,1600
8600000US93553,93553,ZCTA5 93553,1893,376
8600000US93554,93554,ZCTA5 93554,143,106
8600000US93555,93555,ZCTA5 93555,34075,921
8600000US93558,93558,ZCTA5 93558,221,213
8600000US93560,93560,ZCTA5 93560,20797,1333
8600000US93561,93561,ZCTA5 93561,34271,1226
8600000US93562,93562,ZCTA5 93562,1639,193
8600000US93563,93563,ZCTA5 93563,417,140
8600000US93591,93591,ZCTA5 93591,6809,788
8600000US93592,93592,ZCTA5 93592,81,60
8600000US93601,93601,ZCTA5 93601,1855,669
8600000US93602,93602,ZCTA5 93602,4284,540
8600000US93603,93603,ZCTA5 93603,137,93
8600000US93604,93604,ZCTA5 93604,707,242
8600000US93605,93605,ZCTA5 93605,170,62
8600000US93606,93606,ZCTA5 93606,774,249
8600000US93608,93608,ZCTA5 93608,973,341
8600000US93609,93609,ZCTA5 93609,5668,617
8600000US93610,93610,ZCTA5 93610,23587,546
8600000US93611,93611,ZCTA5 93611,48759,1202
8600000US93612,93612,ZCTA5 93612,35625,1119
8600000US93614,93614,ZCTA5 93614,11134,703
8600000US93615,93615,ZCTA5 93615,6277,879
8600000US93616,93616,ZCTA5 93616,2726,480
8600000US93618,93618,ZCTA5 93618,30754,719
8600000US93619,93619,ZCTA5 93619,34587,1177
8600000US93620,93620,ZCTA5 93620,9388,726
8600000US93621,93621,ZCTA5 93621,155,95
8600000US93622,93622,ZCTA5 93622,10298,560
8600000US93623,93623,ZCTA5 93623,108,34
8600000US93624,93624,ZCTA5 93624,1170,252
8600000US93625,93625,ZCTA5 93625,7715,399
8600000US93626,93626,ZCTA5 93626,1995,501
8600000US93627,93627,ZCTA5 93627,198,169
8600000US93628,93628,ZCTA5 93628,220,206
8600000US93630,93630,ZCTA5 93630,20133,885
8600000US93631,93631,ZCTA5 93631,16206,701
8600000US93633,93633,ZCTA5 93633,0,12
8600000US93634,93634,ZCTA5 93634,24,29
8600000US93635,93635,ZCTA5 93635,40550,687
8600000US93636,93636,ZCTA5 93636,12191,840
8600000US93637,93637,ZCTA5 93637,40986,1619
8600000US93638,93638,ZCTA5 93638,50453,1546
8600000US93640,93640,ZCTA5 93640,12645,227
8600000US93641,93641,ZCTA5 93641,171,96
8600000US93643,93643,ZCTA5 93643,2915,468
8600000US93644,93644,ZCTA5 93644,8252,851
8600000US93645,93645,ZCTA5 93645,239,201
8600000US93646,93646,ZCTA5 93646,10959,430
8600000US93647,93647,ZCTA5 93647,11387,876
8600000US93648,93648,ZCTA5 93648,16018,317
8600000US93650,93650,ZCTA5 93650,3863,703
8600000US93651,93651,ZCTA5 93651,1743,327
8600000US93652,93652,ZCTA5 93652,373,176
8600000US93653,93653,ZCTA5 93653,1324,324
8600000US93654,93654,ZCTA5 93654,31093,860
8600000US93656,93656,ZCTA5 93656,7345,636
8600000US93657,93657,ZCTA5 93657,35093,1024
8600000US93660,93660,ZCTA5 93660,4360,213
8600000US93662,93662,ZCTA5 93662,30454,942
8600000US93664,93664,ZCTA5 93664,486,106
8600000US93665,93665,ZCTA5 93665,882,415
8600000US93666,93666,ZCTA5 93666,1117,370
8600000US93667,93667,ZCTA5 93667,2877,441
8600000US93668,93668,ZCTA5 93668,1018,271
8600000US93669,93669,ZCTA5 93669,160,110
8600000US93673,93673,ZCTA5 93673,834,166
8600000US93675,93675,ZCTA5 93675,3248,441
8600000US93701,93701,ZCTA5 93701,10011,1095
8600000US93702,93702,ZCTA5 93702,44650,1555
8600000US93703,93703,ZCTA5 93703,33143,1536
8600000US93704,93704,ZCTA5 93704,28491,1641
8600000US93705,93705,ZCTA5 93705,38315,1536
8600000US93706,93706,ZCTA5 93706,40471,1331
8600000US93710,93710,ZCTA5 93710,32410,1256
8600000US93711,93711,ZCTA5 93711,37173,1298
8600000US93720,93720,ZCTA5 93720,46813,1580
8600000US93721,93721,ZCTA5 93721,7182,663
8600000US93722,93722,ZCTA5 93722,84481,2343
8600000US93723,93723,ZCTA5 93723,12246,1223
8600000US93725,93725,ZCTA5 93725,27239,1233
8600000US93726,93726,ZCTA5 93726,42610,1655
8600000US93727,93727,ZCTA5 93727,81118,1837
8600000US93728,93728,ZCTA5 93728,15945,1023
8600000US93730,93730,ZCTA5 93730,11693,800
8600000US93901,93901,ZCTA5 93901,27624,1025
8600000US93905,93905,ZCTA5 93905,61251,1345
8600000US93906,93906,ZCTA5 93906,65464,1509
8600000US93907,93907,ZCTA5 93907,22171,1269
8600000US93908,93908,ZCTA5 93908,11490,557
8600000US93920,93920,ZCTA5 93920,1271,426
8600000US93921,93921,ZCTA5 93921,3485,185
8600000US93923,93923,ZCTA5 93923,12787,867
8600000US93924,93924,ZCTA5 93924,6013,812
8600000US93925,93925,ZCTA5 93925,1913,442
8600000US93926,93926,ZCTA5 93926,9505,427
8600000US93927,93927,ZCTA5 93927,18612,507
8600000US93928,93928,ZCTA5 93928,401,160
8600000US93930,93930,ZCTA5 93930,16914,549
8600000US93932,93932,ZCTA5 93932,782,323
8600000US93933,93933,ZCTA5 93933,24388,387
8600000US93940,93940,ZCTA5 93940,32554,299
8600000US93943,93943,ZCTA5 93943,0,12
8600000US93950,93950,ZCTA5 93950,15650,64
8600000US93953,93953,ZCTA5 93953,4490,441
8600000US93954,93954,ZCTA5 93954,346,136
8600000US93955,93955,ZCTA5 93955,34614,160
8600000US93960,93960,ZCTA5 93960,26788,369
8600000US93962,93962,ZCTA5 93962,562,310
8600000US94002,94002,ZCTA5 94002,27213,63
8600000US94005,94005,ZCTA5 94005,4642,28
8600000US94010,94010,ZCTA5 94010,42889,265
8600000US94014,94014,ZCTA5 94014,49354,1264
8600000US94015,94015,ZCTA5 94015,64580,1218
8600000US94019,94019,ZCTA5 94019,20521,1030
8600000US94020,94020,ZCTA5 94020,1492,504
8600000US94021,94021,ZCTA5 94021,212,195
8600000US94022,94022,ZCTA5 94022,19568,560
8600000US94024,94024,ZCTA5 94024,23690,701
8600000US94025,94025,ZCTA5 94025,42016,826
8600000US94027,94027,ZCTA5 94027,7371,101
8600000US94028,94028,ZCTA5 94028,7051,368
8600000US94030,94030,ZCTA5 94030,22763,56
8600000US94037,94037,ZCTA5 94037,2909,597
8600000US94038,94038,ZCTA5 94038,3805,711
8600000US94040,94040,ZCTA5 94040,35470,782
8600000US94041,94041,ZCTA5 94041,14471,743
8600000US94043,94043,ZCTA5 94043,30667,706
8600000US94044,94044,ZCTA5 94044,39141,38
8600000US94060,94060,ZCTA5 94060,1544,576
8600000US94061,94061,ZCTA5 94061,39473,1027
8600000US94062,94062,ZCTA5 94062,27350,879
8600000US94063,94063,ZCTA5 94063,33999,1080
8600000US94065,94065,ZCTA5 94065,12794,483
8600000US94066,94066,ZCTA5 94066,43097,63
8600000US94070,94070,ZCTA5 94070,30745,211
8600000US94074,94074,ZCTA5 94074,215,175
8600000US94080,94080,ZCTA5 94080,67423,297
8600000US94085,94085,ZCTA5 94085,23395,963
8600000US94086,94086,ZCTA5 94086,49235,1338
8600000US94087,94087,ZCTA5 94087,57178,1164
8600000US94089,94089,ZCTA5 94089,22135,922
8600000US94102,94102,ZCTA5 94102,30140,1164
8600000US94103,94103,ZCTA5 94103,26990,1352
8600000US94104,94104,ZCTA5 94104,436,142
8600000US94105,94105,ZCTA5 94105,7675,1203
8600000US94107,94107,ZCTA5 94107,29920,1408
8600000US94108,94108,ZCTA5 94108,14856,745
8600000US94109,94109,ZCTA5 94109,56587,1461
8600000US94110,94110,ZCTA5 94110,73737,1997
8600000US94111,94111,ZCTA5 94111,3356,384
8600000US94112,94112,ZCTA5 94112,85373,1978
8600000US94114,94114,ZCTA5 94114,34561,899
8600000US94115,94115,ZCTA5 94115,35751,1151
8600000US94116,94116,ZCTA5 94116,47708,1469
8600000US94117,94117,ZCTA5 94117,43610,1523
8600000US94118,94118,ZCTA5 94118,41417,1208
8600000US94121,94121,ZCTA5 94121,43638,1187
8600000US94122,94122,ZCTA5 94122,62516,1699
8600000US94123,94123,ZCTA5 94123,25461,809
8600000US94124,94124,ZCTA5 94124,35492,1393
8600000US94127,94127,ZCTA5 94127,21093,1106
8600000US94128,94128,ZCTA5 94128,126,205
8600000US94129,94129,ZCTA5 94129,4019,327
8600000US94130,94130,ZCTA5 94130,3129,424
8600000US94131,94131,ZCTA5 94131,29056,1203
8600000US94132,94132,ZCTA5 94132,31155,1055
8600000US94133,94133,ZCTA5 94133,26942,982
8600000US94134,94134,ZCTA5 94134,43074,1416
8600000US94158,94158,ZCTA5 94158,6547,819
8600000US94301,94301,ZCTA5 94301,17137,630
8600000US94303,94303,ZCTA5 94303,47850,522
8600000US94304,94304,ZCTA5 94304,3829,311
8600000US94305,94305,ZCTA5 94305,15343,885
8600000US94306,94306,ZCTA5 94306,27902,680
8600000US94401,94401,ZCTA5 94401,36145,1238
8600000US94402,94402,ZCTA5 94402,25163,798
8600000US94403,94403,ZCTA5 94403,43393,868
8600000US94404,94404,ZCTA5 94404,36573,276
8600000US94501,94501,ZCTA5 94501,63762,611
8600000US94502,94502,ZCTA5 94502,14484,610
8600000US94503,94503,ZCTA5 94503,20371,61
8600000US94505,94505,ZCTA5 94505,15780,661
8600000US94506,94506,ZCTA5 94506,24895,1041
8600000US94507,94507,ZCTA5 94507,15829,681
8600000US94508,94508,ZCTA5 94508,4176,340
8600000US94509,94509,ZCTA5 94509,66741,1347
8600000US94510,94510,ZCTA5 94510,28043,51
8600000US94511,94511,ZCTA5 94511,2379,499
8600000US94512,94512,ZCTA5 94512,94,123
8600000US94513,94513,ZCTA5 94513,61300,635
8600000US94514,94514,ZCTA5 94514,1593,241
8600000US94515,94515,ZCTA5 94515,7785,516
8600000US94516,94516,ZCTA5 94516,128,50
8600000US94517,94517,ZCTA5 94517,13244,392
8600000US94518,94518,ZCTA5 94518,27967,903
8600000US94519,94519,ZCTA5 94519,19101,810
8600000US94520,94520,ZCTA5 94520,39027,1373
8600000US94521,94521,ZCTA5 94521,43850,1061
8600000US94523,94523,ZCTA5 94523,34905,209
8600000US94525,94525,ZCTA5 94525,3142,312
8600000US94526,94526,ZCTA5 94526,32850,806
8600000US94528,94528,ZCTA5 94528,552,253
8600000US94530,94530,ZCTA5 94530,25289,232
8600000US94531,94531,ZCTA5 94531,43285,1355
8600000US94533,94533,ZCTA5 94533,74833,1020
8600000US94534,94534,ZCTA5 94534,37409,1001
8600000US94535,94535,ZCTA5 94535,4130,326
8600000US94536,94536,ZCTA5 94536,73876,1316
8600000US94538,94538,ZCTA5 94538,67133,1172
8600000US94539,94539,ZCTA5 94539,52354,972
8600000US94541,94541,ZCTA5 94541,65690,1710
8600000US94542,94542,ZCTA5 94542,13706,838
8600000US94544,94544,ZCTA5 94544,78717,1366
8600000US94545,94545,ZCTA5 94545,32495,1076
8600000US94546,94546,ZCTA5 94546,44285,1277
8600000US94547,94547,ZCTA5 94547,25260,72
8600000US94548,94548,ZCTA5 94548,418,197
8600000US94549,94549,ZCTA5 94549,29547,512
8600000US94550,94550,ZCTA5 94550,50646,939
8600000US94551,94551,ZCTA5 94551,44285,903
8600000US94552,94552,ZCTA5 94552,14887,709
8600000US94553,94553,ZCTA5 94553,49748,1039
8600000US94555,94555,ZCTA5 94555,37657,918
8600000US94556,94556,ZCTA5 94556,16249,216
8600000US94558,94558,ZCTA5 94558,68617,1127
8600000US94559,94559,ZCTA5 94559,28089,1073
8600000US94560,94560,ZCTA5 94560,45554,57
8600000US94561,94561,ZCTA5 94561,40905,274
8600000US94563,94563,ZCTA5 94563,19179,85
8600000US94564,94564,ZCTA5 94564,19162,90
8600000US94565,94565,ZCTA5 94565,93549,1013
8600000US94566,94566,ZCTA5 94566,45001,887
8600000US94567,94567,ZCTA5 94567,642,163
8600000US94568,94568,ZCTA5 94568,52599,514
8600000US94569,94569,ZCTA5 94569,194,119
8600000US94571,94571,ZCTA5 94571,9480,535
8600000US94572,94572,ZCTA5 94572,10174,542
8600000US94573,94573,ZCTA5 94573,20,31
8600000US94574,94574,ZCTA5 94574,9100,509
8600000US94575,94575,ZCTA5 94575,1174,191
8600000US94576,94576,ZCTA5 94576,107,61
8600000US94577,94577,ZCTA5 94577,47822,948
8600000US94578,94578,ZCTA5 94578,40897,1272
8600000US94579,94579,ZCTA5 94579,22452,751
8600000US94580,94580,ZCTA5 94580,30326,1359
8600000US94582,94582,ZCTA5 94582,41073,839
8600000US94583,94583,ZCTA5 94583,35244,820
8600000US94585,94585,ZCTA5 94585,29605,230
8600000US94586,94586,ZCTA5 94586,936,188
8600000US94587,94587,ZCTA5 94587,74354,77
8600000US94588,94588,ZCTA5 94588,35707,918
8600000US94589,94589,ZCTA5 94589,30833,1083
8600000US94590,94590,ZCTA5 94590,37036,1001
8600000US94591,94591,ZCTA5 94591,55232,1087
8600000US94592,94592,ZCTA5 94592,996,221
8600000US94595,94595,ZCTA5 94595,17632,633
8600000US94596,94596,ZCTA5 94596,20881,818
8600000US94597,94597,ZCTA5 94597,23030,1034
8600000US94598,94598,ZCTA5 94598,27398,817
8600000US94599,94599,ZCTA5 94599,3117,85
8600000US94601,94601,ZCTA5 94601,50763,1667
8600000US94602,94602,ZCTA5 94602,30098,954
8600000US94603,94603,ZCTA5 94603,33952,1138
8600000US94605,94605,ZCTA5 94605,44260,1587
8600000US94606,94606,ZCTA5 94606,38441,1116
8600000US94607,94607,ZCTA5 94607,26904,779
8600000US94608,94608,ZCTA5 94608,30041,926
8600000US94609,94609,ZCTA5 94609,22339,898
8600000US94610,94610,ZCTA5 94610,31354,945
8600000US94611,94611,ZCTA5 94611,38684,892
8600000US94612,94612,ZCTA5 94612,16027,960
8600000US94613,94613,ZCTA5 94613,864,141
8600000US94618,94618,ZCTA5 94618,16566,586
8600000US94619,94619,ZCTA5 94619,24536,1127
8600000US94621,94621,ZCTA5 94621,33557,1682
8600000US94702,94702,ZCTA5 94702,17534,662
8600000US94703,94703,ZCTA5 94703,21886,918
8600000US94704,94704,ZCTA5 94704,27961,1643
8600000US94705,94705,ZCTA5 94705,13235,547
8600000US94706,94706,ZCTA5 94706,21050,230
8600000US94707,94707,ZCTA5 94707,12024,415
8600000US94708,94708,ZCTA5 94708,11533,594
8600000US94709,94709,ZCTA5 94709,11736,648
8600000US94710,94710,ZCTA5 94710,7341,509
8600000US94720,94720,ZCTA5 94720,3061,264
8600000US94801,94801,ZCTA5 94801,29974,1459
8600000US94803,94803,ZCTA5 94803,25798,950
8600000US94804,94804,ZCTA5 94804,40640,1225
8600000US94805,94805,ZCTA5 94805,15076,902
8600000US94806,94806,ZCTA5 94806,63660,1450
8600000US94850,94850,ZCTA5 94850,0,12
8600000US94901,94901,ZCTA5 94901,42398,776
8600000US94903,94903,ZCTA5 94903,30872,1024
8600000US94904,94904,ZCTA5 94904,12633,485
8600000US94920,94920,ZCTA5 94920,12851,413
8600000US94922,94922,ZCTA5 94922,555,272
8600000US94923,94923,ZCTA5 94923,751,231
8600000US94924,94924,ZCTA5 94924,1247,309
8600000US94925,94925,ZCTA5 94925,9811,40
8600000US94928,94928,ZCTA5 94928,43663,297
8600000US94929,94929,ZCTA5 94929,156,77
8600000US94930,94930,ZCTA5 94930,8784,274
8600000US94931,94931,ZCTA5 94931,8462,350
8600000US94933,94933,ZCTA5 94933,763,276
8600000US94937,94937,ZCTA5 94937,766,147
8600000US94938,94938,ZCTA5 94938,1033,340
8600000US94939,94939,ZCTA5 94939,7079,270
8600000US94940,94940,ZCTA5 94940,248,106
8600000US94941,94941,ZCTA5 94941,31389,785
8600000US94945,94945,ZCTA5 94945,19487,823
8600000US94946,94946,ZCTA5 94946,812,127
8600000US94947,94947,ZCTA5 94947,26020,832
8600000US94949,94949,ZCTA5 94949,17153,885
8600000US94950,94950,ZCTA5 94950,122,62
8600000US94951,94951,ZCTA5 94951,4489,739
8600000US94952,94952,ZCTA5 94952,35423,1033
8600000US94954,94954,ZCTA5 94954,38316,727
8600000US94956,94956,ZCTA5 94956,1329,318
8600000US94957,94957,ZCTA5 94957,1326,239
8600000US94960,94960,ZCTA5 94960,15812,462
8600000US94963,94963,ZCTA5 94963,522,226
8600000US94964,94964,ZCTA5 94964,3447,318
8600000US94965,94965,ZCTA5 94965,11217,417
8600000US94970,94970,ZCTA5 94970,717,223
8600000US94971,94971,ZCTA5 94971,398,147
8600000US94972,94972,ZCTA5 94972,22,35
8600000US94973,94973,ZCTA5 94973,1599,341
8600000US95002,95002,ZCTA5 95002,2032,334
8600000US95003,95003,ZCTA5 95003,25195,1037
8600000US95004,95004,ZCTA5 95004,3978,576
8600000US95005,95005,ZCTA5 95005,7327,647
8600000US95006,95006,ZCTA5 95006,9032,703
8600000US95007,95007,ZCTA5 95007,762,351
8600000US95008,95008,ZCTA5 95008,46251,700
8600000US95010,95010,ZCTA5 95010,9288,386
8600000US95012,95012,ZCTA5 95012,10639,1139
8600000US95013,95013,ZCTA5 95013,79,58
8600000US95014,95014,ZCTA5 95014,62682,426
8600000US95017,95017,ZCTA5 95017,612,119
8600000US95018,95018,ZCTA5 95018,7078,694
8600000US95019,95019,ZCTA5 95019,6915,1192
8600000US95020,95020,ZCTA5 95020,63251,715
8600000US95023,95023,ZCTA5 95023,51846,514
8600000US95030,95030,ZCTA5 95030,13075,593
8600000US95032,95032,ZCTA5 95032,26437,607
8600000US95033,95033,ZCTA5 95033,9805,569
8600000US95035,95035,ZCTA5 95035,75614,86
8600000US95037,95037,ZCTA5 95037,50210,756
8600000US95039,95039,ZCTA5 95039,1063,360
8600000US95041,95041,ZCTA5 95041,427,427
8600000US95043,95043,ZCTA5 95043,663,102
8600000US95045,95045,ZCTA5 95045,4274,452
8600000US95046,95046,ZCTA5 95046,6282,754
8600000US95050,95050,ZCTA5 95050,38479,1033
8600000US95051,95051,ZCTA5 95051,57087,1100
8600000US95053,95053,ZCTA5 95053,3532,304
8600000US95054,95054,ZCTA5 95054,24835,853
8600000US95060,95060,ZCTA5 95060,47369,1251
8600000US95062,95062,ZCTA5 95062,37728,1505
8600000US95064,95064,ZCTA5 95064,9993,630
8600000US95065,95065,ZCTA5 95065,8461,556
8600000US95066,95066,ZCTA5 95066,15429,589
8600000US95070,95070,ZCTA5 95070,31420,249
8600000US95073,95073,ZCTA5 95073,11491,835
8600000US95075,95075,ZCTA5 95075,425,116
8600000US95076,95076,ZCTA5 95076,87781,2128
8600000US95110,95110,ZCTA5 95110,19451,1010
8600000US95111,95111,ZCTA5 95111,64891,1808
8600000US95112,95112,ZCTA5 95112,62039,2106
8600000US95113,95113,ZCTA5 95113,1759,287
8600000US95116,95116,ZCTA5 95116,56243,1438
8600000US95117,95117,ZCTA5 95117,29338,1362
8600000US95118,95118,ZCTA5 95118,31799,841
8600000US95119,95119,ZCTA5 95119,10754,587
8600000US95120,95120,ZCTA5 95120,37937,681
8600000US95121,95121,ZCTA5 95121,38909,1047
8600000US95122,95122,ZCTA5 95122,58057,1341
8600000US95123,95123,ZCTA5 95123,66858,1325
8600000US95124,95124,ZCTA5 95124,50055,1367
8600000US95125,95125,ZCTA5 95125,54802,1422
8600000US95126,95126,ZCTA5 95126,35758,1237
8600000US95127,95127,ZCTA5 95127,66686,1662
8600000US95128,95128,ZCTA5 95128,37301,1134
8600000US95129,95129,ZCTA5 95129,40231,966
8600000US95130,95130,ZCTA5 95130,14293,728
8600000US95131,95131,ZCTA5 95131,30540,1124
8600000US95132,95132,ZCTA5 95132,40854,975
8600000US95133,95133,ZCTA5 95133,28905,1198
8600000US95134,95134,ZCTA5 95134,23984,1032
8600000US95135,95135,ZCTA5 95135,22415,748
8600000US95136,95136,ZCTA5 95136,45754,1534
8600000US95138,95138,ZCTA5 95138,20146,867
8600000US95139,95139,ZCTA5 95139,7108,336
8600000US95140,95140,ZCTA5 95140,70,50
8600000US95148,95148,ZCTA5 95148,49780,1080
8600000US95202,95202,ZCTA5 95202,6295,648
8600000US95203,95203,ZCTA5 95203,15779,962
8600000US95204,95204,ZCTA5 95204,28486,950
8600000US95205,95205,ZCTA5 95205,36773,1341
8600000US95206,95206,ZCTA5 95206,64836,2099
8600000US95207,95207,ZCTA5 95207,50653,1248
8600000US95209,95209,ZCTA5 95209,43768,1488
8600000US95210,95210,ZCTA5 95210,41724,1143
8600000US95211,95211,ZCTA5 95211,1636,253
8600000US95212,95212,ZCTA5 95212,27512,2125
8600000US95215,95215,ZCTA5 95215,24250,1305
8600000US95219,95219,ZCTA5 95219,29238,1201
8600000US95220,95220,ZCTA5 95220,7288,827
8600000US95222,95222,ZCTA5 95222,5017,298
8600000US95223,95223,ZCTA5 95223,3004,488
8600000US95224,95224,ZCTA5 95224,184,117
8600000US95225,95225,ZCTA5 95225,436,309
8600000US95226,95226,ZCTA5 95226,15,24
8600000US95227,95227,ZCTA5 95227,806,376
8600000US95228,95228,ZCTA5 95228,4452,405
8600000US95230,95230,ZCTA5 95230,564,339
8600000US95231,95231,ZCTA5 95231,4863,615
8600000US95232,95232,ZCTA5 95232,105,73
8600000US95233,95233,ZCTA5 95233,539,226
8600000US95234,95234,ZCTA5 95234,110,143
8600000US95236,95236,ZCTA5 95236,4447,489
8600000US95237,95237,ZCTA5 95237,3189,386
8600000US95240,95240,ZCTA5 95240,48282,1143
8600000US95242,95242,ZCTA5 95242,26349,813
8600000US95245,95245,ZCTA5 95245,2005,504
8600000US95246,95246,ZCTA5 95246,1001,270
8600000US95247,95247,ZCTA5 95247,4546,558
8600000US95248,95248,ZCTA5 95248,148,106
8600000US95249,95249,ZCTA5 95249,4918,608
8600000US95250,95250,ZCTA5 95250,0,12
8600000US95251,95251,ZCTA5 95251,604,247
8600000US95252,95252,ZCTA5 95252,14981,913
8600000US95254,95254,ZCTA5 95254,1093,376
8600000US95255,95255,ZCTA5 95255,1593,338
8600000US95257,95257,ZCTA5 95257,441,180
8600000US95258,95258,ZCTA5 95258,3993,439
8600000US95301,95301,ZCTA5 95301,38675,820
8600000US95303,95303,ZCTA5 95303,778,163
8600000US95304,95304,ZCTA5 95304,14592,835
8600000US95305,95305,ZCTA5 95305,52,75
8600000US95306,95306,ZCTA5 95306,852,245
8600000US95307,95307,ZCTA5 95307,43888,1139
8600000US95310,95310,ZCTA5 95310,1924,360
8600000US95311,95311,ZCTA5 95311,1764,412
8600000US95312,95312,ZCTA5 95312,270,111
8600000US95313,95313,ZCTA5 95313,1296,436
8600000US95314,95314,ZCTA5 95314,0,12
8600000US95315,95315,ZCTA5 95315,13707,1150
8600000US95316,95316,ZCTA5 95316,6748,656
8600000US95317,95317,ZCTA5 95317,904,217
8600000US95318,95318,ZCTA5 95318,378,171
8600000US95319,95319,ZCTA5 95319,1687,332
8600000US95320,95320,ZCTA5 95320,13018,783
8600000US95321,95321,ZCTA5 95321,3118,467
8600000US95322,95322,ZCTA5 95322,9367,764
8600000US95323,95323,ZCTA5 95323,1141,184
8600000US95324,95324,ZCTA5 95324,7551,581
8600000US95325,95325,ZCTA5 95325,19,30
8600000US95326,95326,ZCTA5 95326,9827,424
8600000US95327,95327,ZCTA5 95327,7655,852
8600000US95328,95328,ZCTA5 95328,4586,851
8600000US95329,95329,ZCTA5 95329,2691,358
8600000US95330,95330,ZCTA5 95330,20969,222
8600000US95333,95333,ZCTA5 95333,2696,251
8600000US95334,95334,ZCTA5 95334,16804,492
8600000US95335,95335,ZCTA5 95335,198,153
8600000US95336,95336,ZCTA5 95336,47166,1242
8600000US95337,95337,ZCTA5 95337,36700,1170
8600000US95338,95338,ZCTA5 95338,11015,578
8600000US95340,95340,ZCTA5 95340,36543,1314
8600000US95341,95341,ZCTA5 95341,32537,1179
8600000US95345,95345,ZCTA5 95345,624,235
8600000US95346,95346,ZCTA5 95346,1798,615
8600000US95348,95348,ZCTA5 95348,33888,1626
8600000US95350,95350,ZCTA5 95350,52951,1346
8600000US95351,95351,ZCTA5 95351,49836,1536
8600000US95354,95354,ZCTA5 95354,25090,931
8600000US95355,95355,ZCTA5 95355,58279,1645
8600000US95356,95356,ZCTA5 95356,33032,1382
8600000US95357,95357,ZCTA5 95357,11701,993
8600000US95358,95358,ZCTA5 95358,33350,1298
8600000US95360,95360,ZCTA5 95360,12645,601
8600000US95361,95361,ZCTA5 95361,34140,1075
8600000US95363,95363,ZCTA5 95363,26726,559
8600000US95364,95364,ZCTA5 95364,0,12
8600000US95365,95365,ZCTA5 95365,4795,503
8600000US95366,95366,ZCTA5 95366,17358,335
8600000US95367,95367,ZCTA5 95367,24884,345
8600000US95368,95368,ZCTA5 95368,14247,950
8600000US95369,95369,ZCTA5 95369,1080,184
8600000US95370,95370,ZCTA5 95370,27680,1145
8600000US95372,95372,ZCTA5 95372,2243,457
8600000US95374,95374,ZCTA5 95374,1847,280
8600000US95375,95375,ZCTA5 95375,5,4
8600000US95376,95376,ZCTA5 95376,52371,1206
8600000US95377,95377,ZCTA5 95377,32637,1272
8600000US95379,95379,ZCTA5 95379,3616,675
8600000US95380,95380,ZCTA5 95380,42398,1129
8600000US95382,95382,ZCTA5 95382,37490,1008
8600000US95383,95383,ZCTA5 95383,4227,711
8600000US95385,95385,ZCTA5 95385,465,226
8600000US95386,95386,ZCTA5 95386,10568,430
8600000US95387,95387,ZCTA5 95387,564,273
8600000US95388,95388,ZCTA5 95388,14114,823
8600000US95389,95389,ZCTA5 95389,1397,344
8600000US95391,95391,ZCTA5 95391,15738,1433
8600000US95401,95401,ZCTA5 95401,39229,1312
8600000US95403,95403,ZCTA5 95403,46288,1246
8600000US95404,95404,ZCTA5 95404,41536,1437
8600000US95405,95405,ZCTA5 95405,20994,1008
8600000US95407,95407,ZCTA5 95407,41797,1508
8600000US95409,95409,ZCTA5 95409,26905,954
8600000US95410,95410,ZCTA5 95410,951,243
8600000US95412,95412,ZCTA5 95412,431,179
8600000US95415,95415,ZCTA5 95415,1342,284
8600000US95417,95417,ZCTA5 95417,359,237
8600000US95420,95420,ZCTA5 95420,752,309
8600000US95421,95421,ZCTA5 95421,1739,231
8600000US95422,95422,ZCTA5 95422,15360,157
8600000US95423,95423,ZCTA5 95423,3818,470
8600000US95425,95425,ZCTA5 95425,10571,407
8600000US95426,95426,ZCTA5 95426,1531,408
8600000US95427,95427,ZCTA5 95427,203,91
8600000US95428,95428,ZCTA5 95428,2467,316
8600000US95429,95429,ZCTA5 95429,90,57
8600000US95430,95430,ZCTA5 95430,6,9
8600000US95431,95431,ZCTA5 95431,238,274
8600000US95432,95432,ZCTA5 95432,489,173
8600000US95435,95435,ZCTA5 95435,179,236
8600000US95436,95436,ZCTA5 95436,6227,440
8600000US95437,95437,ZCTA5 95437,14489,701
8600000US95439,95439,ZCTA5 95439,725,323
8600000US95441,95441,ZCTA5 95441,1889,269
8600000US95442,95442,ZCTA5 95442,3366,503
8600000US95443,95443,ZCTA5 95443,311,205
8600000US95444,95444,ZCTA5 95444,769,298
8600000US95445,95445,ZCTA5 95445,1930,355
8600000US95446,95446,ZCTA5 95446,4728,492
8600000US95448,95448,ZCTA5 95448,17666,778
8600000US95449,95449,ZCTA5 95449,1794,329
8600000US95450,95450,ZCTA5 95450,285,81
8600000US95451,95451,ZCTA5 95451,12016,948
8600000US95452,95452,ZCTA5 95452,1276,579
8600000US95453,95453,ZCTA5 95453,10717,582
8600000US95454,95454,ZCTA5 95454,2190,347
8600000US95456,95456,ZCTA5 95456,733,236
8600000US95457,95457,ZCTA5 95457,3058,547
8600000US95458,95458,ZCTA5 95458,3162,489
8600000US95459,95459,ZCTA5 95459,587,165
8600000US95460,95460,ZCTA5 95460,2314,415
8600000US95461,95461,ZCTA5 95461,2497,635
8600000US95462,95462,ZCTA5 95462,1151,243
8600000US95463,95463,ZCTA5 95463,50,36
8600000US95464,95464,ZCTA5 95464,2634,423
8600000US95465,95465,ZCTA5 95465,2041,335
8600000US95466,95466,ZCTA5 95466,1087,224
8600000US95467,95467,ZCTA5 95467,5735,642
8600000US95468,95468,ZCTA5 95468,1561,284
8600000US95469,95469,ZCTA5 95469,1970,323
8600000US95470,95470,ZCTA5 95470,6226,640
8600000US95471,95471,ZCTA5 95471,630,305
8600000US95472,95472,ZCTA5 95472,30723,1097
8600000US95476,95476,ZCTA5 95476,37187,1139
8600000US95482,95482,ZCTA5 95482,31993,866
8600000US95485,95485,ZCTA5 95485,2728,438
8600000US95486,95486,ZCTA5 95486,79,63
8600000US95488,95488,ZCTA5 95488,227,148
8600000US95490,95490,ZCTA5 95490,12655,718
8600000US95492,95492,ZCTA5 95492,29590,643
8600000US95493,95493,ZCTA5 95493,218,108
8600000US95494,95494,ZCTA5 95494,196,124
8600000US95497,95497,ZCTA5 95497,1137,235
8600000US95501,95501,ZCTA5 95501,23624,831
8600000US95503,95503,ZCTA5 95503,25215,983
8600000US95511,95511,ZCTA5 95511,240,154
8600000US95514,95514,ZCTA5 95514,169,135
8600000US95519,95519,ZCTA5 95519,19328,917
8600000US95521,95521,ZCTA5 95521,21311,558
8600000US95524,95524,ZCTA5 95524,1735,253
8600000US95525,95525,ZCTA5 95525,1497,201
8600000US95526,95526,ZCTA5 95526,222,58
8600000US95527,95527,ZCTA5 95527,565,157
8600000US95528,95528,ZCTA5 95528,1254,206
8600000US95531,95531,ZCTA5 95531,23092,490
8600000US95536,95536,ZCTA5 95536,3112,394
8600000US95537,95537,ZCTA5 95537,147,172
8600000US95540,95540,ZCTA5 95540,14001,673
8600000US95542,95542,ZCTA5 95542,1831,345
8600000US95543,95543,ZCTA5 95543,989,377
8600000US95545,95545,ZCTA5 95545,112,103
8600000US95546,95546,ZCTA5 95546,3542,426
8600000US95547,95547,ZCTA5 95547,1004,208
8600000US95548,95548,ZCTA5 95548,1228,152
8600000US95549,95549,ZCTA5 95549,880,227
8600000US95550,95550,ZCTA5 95550,123,93
8600000US95551,95551,ZCTA5 95551,1468,283
8600000US95552,95552,ZCTA5 95552,750,204
8600000US95553,95553,ZCTA5 95553,1030,379
8600000US95554,95554,ZCTA5 95554,264,120
8600000US95555,95555,ZCTA5 95555,340,94
8600000US95556,95556,ZCTA5 95556,706,301
8600000US95558,95558,ZCTA5 95558,436,106
8600000US95559,95559,ZCTA5 95559,93,78
8600000US95560,95560,ZCTA5 95560,1787,567
8600000US95562,95562,ZCTA5 95562,3447,50
8600000US95563,95563,ZCTA5 95563,681,182
8600000US95564,95564,ZCTA5 95564,380,109
8600000US95565,95565,ZCTA5 95565,946,291
8600000US95567,95567,ZCTA5 95567,2133,461
8600000US95568,95568,ZCTA5 95568,203,99
8600000US95569,95569,ZCTA5 95569,308,107
8600000US95570,95570,ZCTA5 95570,2253,242
8600000US95571,95571,ZCTA5 95571,307,175
8600000US95573,95573,ZCTA5 95573,1449,412
8600000US95585,95585,ZCTA5 95585,575,170
8600000US95587,95587,ZCTA5 95587,51,58
8600000US95589,95589,ZCTA5 95589,1036,350
8600000US95595,95595,ZCTA5 95595,147,81
8600000US95601,95601,ZCTA5 95601,132,71
8600000US95602,95602,ZCTA5 95602,18517,928
8600000US95603,95603,ZCTA5 95603,29083,987
8600000US95604,95604,ZCTA5 95604,106,68
8600000US95605,95605,ZCTA5 95605,14677,865
8600000US95606,95606,ZCTA5 95606,211,160
8600000US95607,95607,ZCTA5 95607,415,150
8600000US95608,95608,ZCTA5 95608,61365,1666
8600000US95610,95610,ZCTA5 95610,45429,955
8600000US95612,95612,ZCTA5 95612,1062,330
8600000US95614,95614,ZCTA5 95614,4360,683
8600000US95615,95615,ZCTA5 95615,1015,338
8600000US95616,95616,ZCTA5 95616,50068,884
8600000US95618,95618,ZCTA5 95618,27721,855
8600000US95619,95619,ZCTA5 95619,4966,715
8600000US95620,95620,ZCTA5 95620,21588,426
8600000US95621,95621,ZCTA5 95621,41893,969
8600000US95623,95623,ZCTA5 95623,3734,585
8600000US95624,95624,ZCTA5 95624,65447,1147
8600000US95625,95625,ZCTA5 95625,88,70
8600000US95626,95626,ZCTA5 95626,6030,499
8600000US95627,95627,ZCTA5 95627,3892,615
8600000US95628,95628,ZCTA5 95628,40882,1122
8600000US95629,95629,ZCTA5 95629,898,320
8600000US95630,95630,ZCTA5 95630,75864,71
8600000US95631,95631,ZCTA5 95631,6638,932
8600000US95632,95632,ZCTA5 95632,31523,790
8600000US95633,95633,ZCTA5 95633,3760,743
8600000US95634,95634,ZCTA5 95634,3027,586
8600000US95635,95635,ZCTA5 95635,870,298
8600000US95636,95636,ZCTA5 95636,954,390
8600000US95637,95637,ZCTA5 95637,315,237
8600000US95638,95638,ZCTA5 95638,2204,202
8600000US95639,95639,ZCTA5 95639,309,271
8600000US95640,95640,ZCTA5 95640,10609,431
8600000US95641,95641,ZCTA5 95641,1657,222
8600000US95642,95642,ZCTA5 95642,6615,356
8600000US95645,95645,ZCTA5 95645,1810,380
8600000US95646,95646,ZCTA5 95646,73,44
8600000US95648,95648,ZCTA5 95648,51276,864
8600000US95650,95650,ZCTA5 95650,13192,869
8600000US95651,95651,ZCTA5 95651,778,345
8600000US95652,95652,ZCTA5 95652,876,284
8600000US95653,95653,ZCTA5 95653,727,291
8600000US95655,95655,ZCTA5 95655,4091,355
8600000US95658,95658,ZCTA5 95658,6811,715
8600000US95659,95659,ZCTA5 95659,853,148
8600000US95660,95660,ZCTA5 95660,35397,1623
8600000US95661,95661,ZCTA5 95661,31085,731
8600000US95662,95662,ZCTA5 95662,31738,1087
8600000US95663,95663,ZCTA5 95663,2573,379
8600000US95664,95664,ZCTA5 95664,1372,532
8600000US95665,95665,ZCTA5 95665,5267,638
8600000US95666,95666,ZCTA5 95666,4985,553
8600000US95667,95667,ZCTA5 95667,36717,1333
8600000US95668,95668,ZCTA5 95668,839,239
8600000US95669,95669,ZCTA5 95669,2373,387
8600000US95670,95670,ZCTA5 95670,54348,724
8600000US95672,95672,ZCTA5 95672,5225,452
8600000US95673,95673,ZCTA5 95673,15604,929
8600000US95674,95674,ZCTA5 95674,916,151
8600000US95675,95675,ZCTA5 95675,452,362
8600000US95677,95677,ZCTA5 95677,24571,645
8600000US95678,95678,ZCTA5 95678,42096,1079
8600000US95679,95679,ZCTA5 95679,64,78
8600000US95680,95680,ZCTA5 95680,116,170
8600000US95681,95681,ZCTA5 95681,1304,623
8600000US95682,95682,ZCTA5 95682,30304,1036
8600000US95683,95683,ZCTA5 95683,6173,383
8600000US95684,95684,ZCTA5 95684,3260,560
8600000US95685,95685,ZCTA5 95685,4573,453
8600000US95686,95686,ZCTA5 95686,1021,189
8600000US95687,95687,ZCTA5 95687,67504,838
8600000US95688,95688,ZCTA5 95688,36745,936
8600000US95689,95689,ZCTA5 95689,1288,319
8600000US95690,95690,ZCTA5 95690,2346,412
8600000US95691,95691,ZCTA5 95691,37743,970
8600000US95692,95692,ZCTA5 95692,5256,337
8600000US95693,95693,ZCTA5 95693,6408,698
8600000US95694,95694,ZCTA5 95694,10310,470
8600000US95695,95695,ZCTA5 95695,40121,1141
8600000US95697,95697,ZCTA5 95697,392,212
8600000US95698,95698,ZCTA5 95698,215,165
8600000US95699,95699,ZCTA5 95699,201,190
8600000US95701,95701,ZCTA5 95701,769,142
8600000US95703,95703,ZCTA5 95703,1033,261
8600000US95709,95709,ZCTA5 95709,5001,637
8600000US95713,95713,ZCTA5 95713,9944,823
8600000US95714,95714,ZCTA5 95714,325,79
8600000US95715,95715,ZCTA5 95715,71,45
8600000US95717,95717,ZCTA5 95717,121,63
8600000US95720,95720,ZCTA5 95720,42,19
8600000US95721,95721,ZCTA5 95721,14,22
8600000US95722,95722,ZCTA5 95722,4791,389
8600000US95724,95724,ZCTA5 95724,18,43
8600000US95726,95726,ZCTA5 95726,9152,822
8600000US95728,95728,ZCTA5 95728,251,166
8600000US95735,95735,ZCTA5 95735,2,3
8600000US95736,95736,ZCTA5 95736,209,96
8600000US95742,95742,ZCTA5 95742,11119,395
8600000US95746,95746,ZCTA5 95746,23641,920
8600000US95747,95747,ZCTA5 95747,64320,1336
8600000US95757,95757,ZCTA5 95757,48242,1278
8600000US95758,95758,ZCTA5 95758,63977,1607
8600000US95762,95762,ZCTA5 95762,41709,1234
8600000US95765,95765,ZCTA5 95765,37134,666
8600000US95776,95776,ZCTA5 95776,23169,945
8600000US95811,95811,ZCTA5 95811,5874,509
8600000US95814,95814,ZCTA5 95814,11023,649
8600000US95815,95815,ZCTA5 95815,25606,1660
8600000US95816,95816,ZCTA5 95816,17143,710
8600000US95817,95817,ZCTA5 95817,13277,801
8600000US95818,95818,ZCTA5 95818,20946,732
8600000US95819,95819,ZCTA5 95819,19134,743
8600000US95820,95820,ZCTA5 95820,36624,1633
8600000US95821,95821,ZCTA5 95821,35734,1291
8600000US95822,95822,ZCTA5 95822,45349,1297
8600000US95823,95823,ZCTA5 95823,78398,1942
8600000US95824,95824,ZCTA5 95824,30935,1383
8600000US95825,95825,ZCTA5 95825,34201,1274
8600000US95826,95826,ZCTA5 95826,37701,900
8600000US95827,95827,ZCTA5 95827,21005,611
8600000US95828,95828,ZCTA5 95828,60988,1411
8600000US95829,95829,ZCTA5 95829,27417,962
8600000US95830,95830,ZCTA5 95830,963,249
8600000US95831,95831,ZCTA5 95831,42218,1019
8600000US95832,95832,ZCTA5 95832,11389,995
8600000US95833,95833,ZCTA5 95833,40569,1295
8600000US95834,95834,ZCTA5 95834,27089,1051
8600000US95835,95835,ZCTA5 95835,38607,1305
8600000US95837,95837,ZCTA5 95837,237,85
8600000US95838,95838,ZCTA5 95838,38051,1293
8600000US95841,95841,ZCTA5 95841,20551,1075
8600000US95842,95842,ZCTA5 95842,31971,936
8600000US95843,95843,ZCTA5 95843,47088,993
8600000US95864,95864,ZCTA5 95864,23458,907
8600000US95901,95901,ZCTA5 95901,33150,914
8600000US95903,95903,ZCTA5 95903,1530,272
8600000US95910,95910,ZCTA5 95910,130,159
8600000US95912,95912,ZCTA5 95912,4830,389
8600000US95914,95914,ZCTA5 95914,666,213
8600000US95915,95915,ZCTA5 95915,0,12
8600000US95916,95916,ZCTA5 95916,1136,227
8600000US95917,95917,ZCTA5 95917,3599,327
8600000US95918,95918,ZCTA5 95918,2738,740
8600000US95919,95919,ZCTA5 95919,1209,362
8600000US95920,95920,ZCTA5 95920,350,177
8600000US95922,95922,ZCTA5 95922,526,135
8600000US95923,95923,ZCTA5 95923,16,18
8600000US95925,95925,ZCTA5 95925,203,123
8600000US95926,95926,ZCTA5 95926,39032,1333
8600000US95928,95928,ZCTA5 95928,36696,1312
8600000US95930,95930,ZCTA5 95930,182,167
8600000US95932,95932,ZCTA5 95932,7669,327
8600000US95934,95934,ZCTA5 95934,381,214
8600000US95935,95935,ZCTA5 95935,680,358
8600000US95936,95936,ZCTA5 95936,90,76
8600000US95937,95937,ZCTA5 95937,1569,464
8600000US95938,95938,ZCTA5 95938,4290,560
8600000US95939,95939,ZCTA5 95939,695,168
8600000US95941,95941,ZCTA5 95941,644,326
8600000US95942,95942,ZCTA5 95942,672,227
8600000US95943,95943,ZCTA5 95943,834,183
8600000US95944,95944,ZCTA5 95944,33,29
8600000US95945,95945,ZCTA5 95945,25462,893
8600000US95946,95946,ZCTA5 95946,9812,752
8600000US95947,95947,ZCTA5 95947,1856,331
8600000US95948,95948,ZCTA5 95948,10796,532
8600000US95949,95949,ZCTA5 95949,19828,804
8600000US95950,95950,ZCTA5 95950,461,302
8600000US95951,95951,ZCTA5 95951,3063,318
8600000US95953,95953,ZCTA5 95953,10553,403
8600000US95954,95954,ZCTA5 95954,13062,660
8600000US95955,95955,ZCTA5 95955,1354,275
8600000US95956,95956,ZCTA5 95956,324,110
8600000US95957,95957,ZCTA5 95957,901,157
8600000US95959,95959,ZCTA5 95959,17595,863
8600000US95960,95960,ZCTA5 95960,726,197
8600000US95961,95961,ZCTA5 95961,27203,845
8600000US95962,95962,ZCTA5 95962,1157,430
8600000US95963,95963,ZCTA5 95963,14720,482
8600000US95965,95965,ZCTA5 95965,20637,919
8600000US95966,95966,ZCTA5 95966,29583,983
8600000US95968,95968,ZCTA5 95968,1215,284
8600000US95969,95969,ZCTA5 95969,27919,353
8600000US95970,95970,ZCTA5 95970,572,136
8600000US95971,95971,ZCTA5 95971,5913,458
8600000US95973,95973,ZCTA5 95973,35574,1370
8600000US95974,95974,ZCTA5 95974,65,102
8600000US95975,95975,ZCTA5 95975,1352,491
8600000US95977,95977,ZCTA5 95977,2138,765
8600000US95978,95978,ZCTA5 95978,132,140
8600000US95979,95979,ZCTA5 95979,729,160
8600000US95981,95981,ZCTA5 95981,33,52
8600000US95982,95982,ZCTA5 95982,3258,341
8600000US95983,95983,ZCTA5 95983,401,252
8600000US95984,95984,ZCTA5 95984,41,50
8600000US95986,95986,ZCTA5 95986,78,60
8600000US95987,95987,ZCTA5 95987,6050,292
8600000US95988,95988,ZCTA5 95988,8655,429
8600000US95991,95991,ZCTA5 95991,40959,785
8600000US95993,95993,ZCTA5 95993,36712,839
8600000US96001,96001,ZCTA5 96001,33986,1004
8600000US96002,96002,ZCTA5 96002,33697,1180
8600000US96003,96003,ZCTA5 96003,44406,1139
8600000US96006,96006,ZCTA5 96006,359,137
8600000US96007,96007,ZCTA5 96007,23528,908
8600000US96008,96008,ZCTA5 96008,1357,373
8600000US96009,96009,ZCTA5 96009,366,111
8600000US96010,96010,ZCTA5 96010,207,84
8600000US96011,96011,ZCTA5 96011,150,50
8600000US96013,96013,ZCTA5 96013,4733,405
8600000US96014,96014,ZCTA5 96014,157,104
8600000US96015,96015,ZCTA5 96015,647,269
8600000US96016,96016,ZCTA5 96016,539,248
8600000US96017,96017,ZCTA5 96017,142,49
8600000US96019,96019,ZCTA5 96019,10087,35
8600000US96020,96020,ZCTA5 96020,2457,268
8600000US96021,96021,ZCTA5 96021,16670,825
8600000US96022,96022,ZCTA5 96022,16256,1244
8600000US96023,96023,ZCTA5 96023,1158,189
8600000US96024,96024,ZCTA5 96024,852,196
8600000US96025,96025,ZCTA5 96025,2008,197
8600000US96027,96027,ZCTA5 96027,2340,251
8600000US96028,96028,ZCTA5 96028,1363,318
8600000US96029,96029,ZCTA5 96029,186,67
8600000US96031,96031,ZCTA5 96031,126,55
8600000US96032,96032,ZCTA5 96032,2493,254
8600000US96033,96033,ZCTA5 96033,536,103
8600000US96034,96034,ZCTA5 96034,203,78
8600000US96035,96035,ZCTA5 96035,3593,564
8600000US96037,96037,ZCTA5 96037,249,119
8600000US96038,96038,ZCTA5 96038,739,210
8600000US96039,96039,ZCTA5 96039,941,158
8600000US96040,96040,ZCTA5 96040,240,125
8600000US96041,96041,ZCTA5 96041,2869,425
8600000US96044,96044,ZCTA5 96044,927,124
8600000US96046,96046,ZCTA5 96046,63,97
8600000US96047,96047,ZCTA5 96047,702,135
8600000US96048,96048,ZCTA5 96048,687,185
8600000US96049,96049,ZCTA5 96049,46,36
8600000US96050,96050,ZCTA5 96050,389,81
8600000US96051,96051,ZCTA5 96051,1238,236
8600000US96052,96052,ZCTA5 96052,1440,217
8600000US96054,96054,ZCTA5 96054,269,115
8600000US96055,96055,ZCTA5 96055,3793,454
8600000US96056,96056,ZCTA5 96056,1668,421
8600000US96057,96057,ZCTA5 96057,1345,171
8600000US96058,96058,ZCTA5 96058,625,161
8600000US96059,96059,ZCTA5 96059,684,254
8600000US96061,96061,ZCTA5 96061,21,26
8600000US96062,96062,ZCTA5 96062,1026,176
8600000US96063,96063,ZCTA5 96063,310,213
8600000US96064,96064,ZCTA5 96064,4832,357
8600000US96065,96065,ZCTA5 96065,363,102
8600000US96067,96067,ZCTA5 96067,6991,508
8600000US96068,96068,ZCTA5 96068,158,80
8600000US96069,96069,ZCTA5 96069,782,172
8600000US96071,96071,ZCTA5 96071,47,43
8600000US96073,96073,ZCTA5 96073,4009,362
8600000US96074,96074,ZCTA5 96074,166,60
8600000US96075,96075,ZCTA5 96075,282,113
8600000US96076,96076,ZCTA5 96076,193,91
8600000US96080,96080,ZCTA5 96080,28075,841
8600000US96084,96084,ZCTA5 96084,444,175
8600000US96085,96085,ZCTA5 96085,105,53
8600000US96086,96086,ZCTA5 96086,265,81
8600000US96087,96087,ZCTA5 96087,718,207
8600000US96088,96088,ZCTA5 96088,4400,402
8600000US96090,96090,ZCTA5 96090,392,124
8600000US96091,96091,ZCTA5 96091,710,196
8600000US96092,96092,ZCTA5 96092,227,67
8600000US96093,96093,ZCTA5 96093,4011,457
8600000US96094,96094,ZCTA5 96094,6579,413
8600000US96096,96096,ZCTA5 96096,745,129
8600000US96097,96097,ZCTA5 96097,9726,297
8600000US96101,96101,ZCTA5 96101,5528,408
8600000US96103,96103,ZCTA5 96103,1445,260
8600000US96104,96104,ZCTA5 96104,520,120
8600000US96105,96105,ZCTA5 96105,90,82
8600000US96106,96106,ZCTA5 96106,165,81
8600000US96107,96107,ZCTA5 96107,1122,302
8600000US96108,96108,ZCTA5 96108,17,27
8600000US96109,96109,ZCTA5 96109,678,212
8600000US96110,96110,ZCTA5 96110,164,60
8600000US96111,96111,ZCTA5 96111,59,46
8600000US96112,96112,ZCTA5 96112,295,117
8600000US96113,96113,ZCTA5 96113,2078,256
8600000US96114,96114,ZCTA5 96114,3266,332
8600000US96115,96115,ZCTA5 96115,145,63
8600000US96116,96116,ZCTA5 96116,138,112
8600000US96117,96117,ZCTA5 96117,332,149
8600000US96118,96118,ZCTA5 96118,1767,235
8600000US96119,96119,ZCTA5 96119,76,71
8600000US96120,96120,ZCTA5 96120,1097,173
8600000US96121,96121,ZCTA5 96121,335,196
8600000US96122,96122,ZCTA5 96122,3629,457
8600000US96123,96123,ZCTA5 96123,40,41
8600000US96124,96124,ZCTA5 96124,324,105
8600000US96125,96125,ZCTA5 96125,187,101
8600000US96126,96126,ZCTA5 96126,80,54
8600000US96128,96128,ZCTA5 96128,811,195
8600000US96129,96129,ZCTA5 96129,144,171
8600000US96130,96130,ZCTA5 96130,20479,424
8600000US96132,96132,ZCTA5 96132,122,92
8600000US96133,96133,ZCTA5 96133,183,156
8600000US96134,96134,ZCTA5 96134,1951,291
8600000US96135,96135,ZCTA5 96135,190,223
8600000US96136,96136,ZCTA5 96136,38,31
8600000US96137,96137,ZCTA5 96137,3601,415
8600000US96140,96140,ZCTA5 96140,816,213
8600000US96141,96141,ZCTA5 96141,348,115
8600000US96142,96142,ZCTA5 96142,578,228
8600000US96143,96143,ZCTA5 96143,3250,566
8600000US96145,96145,ZCTA5 96145,2406,397
8600000US96146,96146,ZCTA5 96146,1030,333
8600000US96148,96148,ZCTA5 96148,853,291
8600000US96150,96150,ZCTA5 96150,29103,744
8600000US96155,96155,ZCTA5 96155,0,12
8600000US96161,96161,ZCTA5 96161,18369,330
8600000US97520,97520,ZCTA5 97520,25164,459
8600000US97603,97603,ZCTA5 97603,29086,902
8600000US97623,97623,ZCTA5 97623,2490,377
8600000US97632,97632,ZCTA5 97632,1544,280
8600000US97633,97633,ZCTA5 97633,1150,206
8600000US97635,97635,ZCTA5 97635,214,131
