zip-code,population,white-count,white-non-hispanic-count,black-count,native-american-count,asian-count,hawaiian-pacific-count,other-count,two-or-more-count,two-or-more-other-count,two-or-more-not-other-count
89010,512,421,327,7,14,0,0,63,7,0,7
89019,1748,1528,1320,64,2,77,0,62,15,13,2
89046,354,343,335,0,0,0,0,11,0,0,0
89060,9373,7201,6772,563,27,59,72,1240,211,0,211
89061,5360,4314,4098,121,72,336,51,280,186,18,168
89439,1465,1432,1361,6,13,0,0,0,14,0,14
90001,58738,19012,351,5383,444,132,12,33065,690,418,272
90002,52856,19918,255,11401,465,299,55,20177,541,151,390
90003,70490,20983,473,15778,521,201,68,32218,721,281,440
90004,62733,23687,10709,2544,107,15730,374,18339,1952,586,1366
90005,39562,8045,3045,2464,328,13777,77,13960,911,231,680
90006,62329,16303,2444,2090,692,11315,99,30595,1235,593,642
90007,41221,12299,6835,4519,255,8337,141,14408,1262,363,899
90008,32359,5944,1402,21592,96,1049,54,2377,1247,169,1078
90010,3759,867,630,180,2,2489,0,124,97,15,82
90011,108051,44204,626,9040,1030,619,218,51642,1298,735,563
90012,33783,9657,5266,4299,292,13657,94,4707,1077,332,745
90013,11957,4267,3409,3676,143,2002,30,957,882,138,744
90014,7408,3800,3156,1305,59,1196,13,565,470,116,354
90015,20187,6746,2645,1368,133,3012,21,8500,407,184,223
90016,46303,18165,3718,15266,282,1785,0,9302,1503,531,972
90017,26390,9771,3140,1415,399,4103,137,9772,793,256,537
90018,52287,10138,2600,16300,511,2209,90,21727,1312,424,888
90019,67415,22307,10053,12763,711,10992,79,18175,2388,653,1735
90020,39191,10023,4541,1924,290,18859,344,6605,1146,195,951
90021,3158,1182,687,712,33,52,0,1009,170,44,126
90022,67446,37967,1445,199,690,860,23,26707,1000,604,396
90023,47229,31978,797,459,368,443,0,13315,666,435,231
90024,49718,29866,25858,1040,82,14393,26,1572,2739,93,2646
90025,47453,29585,25157,1469,765,9799,35,2991,2809,197,2612
90026,68609,35056,17399,2734,1176,11230,98,15639,2676,948,1728
90027,45616,30666,27398,1129,51,5892,80,5944,1854,432,1422
90028,31054,17480,15068,2797,208,2976,59,6057,1477,264,1213
90029,38843,14832,9471,1124,96,6846,100,14780,1065,296,769
90031,39103,14204,3025,359,428,9246,48,13694,1124,340,784
90032,47766,20915,3516,733,512,4684,47,19669,1206,786,420
90033,48841,34717,1330,797,309,2563,24,9682,749,515,234
90034,56070,32939,22415,5495,209,10419,203,4123,2682,823,1859
90035,29920,22383,21065,2199,0,2178,18,1772,1370,95,1275
90036,38116,24964,23516,1865,75,7453,92,2005,1662,157,1505
90037,63238,20313,1067,11420,584,648,0,28959,1314,588,726
90038,27957,11555,8468,1606,156,1443,0,12106,1091,453,638
90039,29092,17255,11514,456,370,4914,66,4655,1376,185,1191
90040,12925,9309,178,209,229,114,0,2785,279,72,207
90041,28651,14047,8386,383,177,8495,103,3664,1782,582,1200
90042,63788,29633,10129,1677,1314,8128,107,20255,2674,662,2012
90043,44571,8726,1499,26750,191,548,48,7169,1139,204,935
90044,94680,25246,955,32579,437,467,8,34432,1511,287,1224
90045,41420,24693,20393,5494,127,5826,64,2452,2764,325,2439
90046,51615,40771,38208,2680,115,3344,59,2110,2536,442,2094
90047,48491,7931,873,31267,190,402,115,7659,927,239,688
90048,22860,18360,17357,704,33,1881,12,744,1126,300,826
90049,36362,30773,29224,520,67,3168,0,351,1483,112,1371
90056,8014,1426,1003,5618,0,421,0,37,512,41,471
90057,49389,15077,2902,2340,500,9648,133,20782,909,322,587
90058,3189,1760,70,205,0,42,11,1154,17,5,12
90059,47351,17291,472,14700,197,279,71,13977,836,410,426
90061,28003,10305,240,9105,140,79,11,7795,568,265,303
90062,33627,6719,430,11039,140,428,43,14538,720,316,404
90063,53556,21948,1026,263,123,713,33,29749,727,434,293
90064,26007,18643,16369,993,125,4654,39,621,932,141,791
90065,48420,25413,9212,938,450,7820,19,11694,2086,605,1481
90066,59747,36591,27924,2449,1728,8488,86,6359,4046,814,3232
90067,2235,1582,1563,17,0,540,30,25,41,0,41
90068,21726,17397,16146,680,61,1550,9,778,1251,208,1043
90069,20401,15839,14601,706,48,1532,68,999,1209,155,1054
90071,0,0,0,0,0,0,0,0,0,0,0
90073,944,455,331,323,4,80,0,39,43,0,43
90077,8936,7398,6963,247,0,825,0,120,346,83,263
90079,0,0,0,0,0,0,0,0,0,0,0
90089,3846,1922,1729,244,0,1234,26,249,171,32,139
90090,0,0,0,0,0,0,0,0,0,0,0
90094,8568,4654,4207,944,0,2237,0,228,505,139,366
90095,0,0,0,0,0,0,0,0,0,0,0
90201,102878,79758,3665,894,459,844,124,19432,1367,752,615
90210,20016,17098,16546,188,15,1680,0,291,744,133,611
90211,8019,6464,5987,170,0,939,0,209,237,12,225
90212,13207,10739,10099,181,14,1351,0,136,786,133,653
90220,51713,18601,1492,19167,208,457,203,12061,1016,562,454
90221,54259,24113,543,11335,293,449,0,17085,984,513,471
90222,32585,13525,324,8884,172,260,217,9168,359,204,155
90230,32657,19964,12556,2520,124,5553,91,2787,1618,205,1413
90232,14865,9973,7109,934,1,2293,0,860,804,53,751
90240,26339,18444,4198,730,43,1930,0,4571,621,319,302
90241,44097,29110,6214,1046,124,3023,38,9154,1602,802,800
90242,42922,23945,5229,2328,149,3457,489,11611,943,587,356
90245,16929,12844,10943,296,82,1530,54,717,1406,162,1244
90247,47969,12318,3325,8711,164,11825,39,13554,1358,265,1093
90248,10899,3506,1110,1633,36,3569,43,1861,251,107,144
90249,26286,6678,3563,7463,337,3956,740,5641,1471,234,1237
90250,97371,32811,10175,21605,435,7358,758,25495,8909,889,8020
90254,19750,16938,15625,236,198,1191,0,271,916,136,780
90255,75636,47619,1139,804,403,548,160,25277,825,355,470
90260,35614,15962,6078,3440,141,4113,393,8633,2932,549,2383
90262,71306,41003,1585,5859,546,757,240,21865,1036,432,604
90263,1868,968,747,103,9,550,0,93,145,13,132
90265,18119,15676,14355,359,65,908,7,208,896,44,852
90266,35698,28486,26678,204,71,3798,0,940,2199,498,1701
90270,27597,21699,410,150,46,50,0,5488,164,90,74
90272,22927,20148,18989,106,21,1275,2,75,1300,32,1268
90274,25374,17393,15715,320,23,6047,10,410,1171,151,1020
90275,42606,25660,22544,834,63,12253,294,935,2567,314,2253
90277,34922,27901,24812,784,106,3169,11,1226,1725,176,1549
90278,40808,27749,23040,1423,144,5891,51,2425,3125,290,2835
90280,95420,57835,3033,888,486,581,137,33569,1924,1052,872
90290,5714,5115,4952,88,24,243,0,72,172,10,162
90291,27170,22510,18660,1563,203,902,15,994,983,116,867
90292,22328,17016,15986,1714,0,1910,97,882,709,159,550
90293,12762,8875,8016,709,65,1656,0,685,772,45,727
90301,37518,11052,1312,11564,471,569,64,12111,1687,442,1245
90302,30892,8987,1821,14269,297,439,35,5537,1328,314,1014
90303,24658,6403,595,8570,104,294,0,8473,814,100,714
90304,25937,11587,575,876,259,702,0,11939,574,287,287
90305,15574,1929,398,11962,0,154,73,1121,335,5,330
90401,7485,5788,4992,504,31,681,21,106,354,0,354
90402,11681,10071,9307,122,0,963,0,90,435,40,395
90403,24764,20206,18453,534,223,2301,45,322,1133,113,1020
90404,22586,14839,10685,1819,24,2776,27,1823,1278,237,1041
90405,28305,21960,18503,979,73,2654,0,863,1776,123,1653
90501,43008,16155,9480,2904,229,10700,277,9581,3162,1159,2003
90502,18010,5920,2650,1344,64,6172,45,3612,853,83,770
90503,45349,21188,18291,935,148,18421,384,1442,2831,637,2194
90504,33422,13475,8966,1178,271,13028,95,2581,2794,843,1951
90505,37368,20086,17019,700,73,13196,96,1091,2126,323,1803
90506,0,0,0,0,0,0,0,0,0,0,0
90601,34025,17410,6372,493,247,2298,0,12501,1076,639,437
90602,26482,12886,4358,503,62,1050,37,11495,449,217,232
90603,20697,13785,7948,252,29,1020,32,4646,933,417,516
90604,41369,22531,9510,340,214,2339,36,14183,1726,869,857
90605,41818,21849,6424,410,446,1926,33,15977,1177,474,703
90606,32599,14990,2741,349,669,667,54,14691,1179,991,188
90620,46038,26152,13991,873,482,13656,435,2339,2101,491,1610
90621,36074,17726,6358,1753,191,10382,264,4735,1023,429,594
90623,15882,6443,4168,861,96,7407,129,284,662,178,484
90630,49249,27123,19407,1973,288,16153,187,1476,2049,408,1641
90631,69579,42318,19962,752,466,8829,37,14297,2880,1226,1654
90638,49797,26669,16584,1137,299,9516,47,8927,3202,1151,2051
90640,63547,37773,4646,985,508,8350,68,14175,1688,815,873
90650,106404,51775,11457,4279,700,14477,235,31879,3059,1356,1703
90660,63694,35518,3735,628,594,2006,50,23667,1231,779,452
90670,16642,8928,1619,704,253,845,0,5240,672,333,339
90680,30530,17358,6132,397,336,8370,160,3070,839,316,523
90701,16912,6199,3136,693,86,6222,27,2885,800,415,385
90703,50877,11493,7680,3634,150,30705,215,2551,2129,769,1360
90704,3940,2785,1214,15,10,2,1,738,389,0,389
90706,77852,25029,12780,10329,345,10419,325,28050,3355,1675,1680
90710,28667,10813,5022,3874,159,5840,461,5618,1902,226,1676
90712,31471,16234,11368,2970,194,5238,591,4237,2007,585,1422
90713,28927,18265,14129,1402,51,3616,537,3181,1875,527,1348
90715,20313,7002,3919,1696,168,5873,96,4580,898,387,511
90716,14409,4427,905,790,37,1508,21,7281,345,248,97
90717,21740,12714,9244,940,169,3581,48,2450,1838,400,1438
90720,22318,16175,13241,565,78,2514,70,1210,1706,322,1384
90723,55020,29717,2699,4983,471,1761,539,16087,1462,684,778
90731,61789,35053,17359,4356,371,3124,206,13377,5302,1392,3910
90732,22408,15665,11412,932,35,2445,68,1483,1780,540,1240
90740,24443,19569,17713,347,54,2453,40,712,1268,217,1051
90742,705,628,582,0,23,37,0,6,11,0,11
90743,248,233,213,6,0,0,9,0,0,0,0
90744,56779,30274,2893,1193,3185,1589,133,18373,2032,1062,970
90745,57219,17825,4166,4481,537,21347,1311,9229,2489,794,1695
90746,26852,4692,1883,16378,153,2037,114,1383,2095,155,1940
90747,0,0,0,0,0,0,0,0,0,0,0
90755,11581,6225,3724,1236,24,3002,73,565,456,114,342
90802,40226,23112,14235,6507,602,3692,333,4071,1909,347,1562
90803,32116,25947,22051,1327,116,2525,88,791,1322,199,1123
90804,40225,23693,10135,4792,405,6100,115,3476,1644,520,1124
90805,96069,27929,7727,18773,740,10113,1431,33085,3998,1574,2424
90806,42587,18971,3783,6705,729,8739,449,5640,1354,454,900
90807,32395,16171,12048,4972,138,5128,191,3770,2025,394,1631
90808,38487,27807,21451,2300,418,3722,180,1769,2291,314,1977
90810,38769,15398,2211,4937,369,8881,1703,5457,2024,407,1617
90813,60935,30845,4468,7156,1846,8288,217,9986,2597,617,1980
90814,18175,12801,9913,1734,122,1466,13,966,1073,178,895
90815,40359,29337,23545,2291,261,5072,58,1271,2069,140,1929
90822,143,62,55,18,0,18,0,4,41,0,41
90831,0,0,0,0,0,0,0,0,0,0,0
91001,37528,18529,12982,9820,158,2008,57,4877,2079,170,1909
91006,33200,9993,7552,323,75,19720,104,1665,1320,554,766
91007,34357,9327,7616,561,131,21235,28,2176,899,120,779
91008,1191,670,582,26,13,442,0,15,25,4,21
91010,26265,14496,5326,2076,142,4188,15,4039,1309,649,660
91011,20499,12856,11747,39,0,6173,0,383,1048,220,828
91016,42013,28187,15122,2058,225,5747,83,3897,1816,238,1578
91020,8551,5410,3797,163,43,1862,21,627,425,213,212
91024,11061,8843,7370,152,33,1230,26,253,524,167,357
91030,25940,14206,10847,830,56,7574,20,1640,1614,178,1436
91040,20175,16456,13134,347,77,1887,0,781,627,172,455
91042,26767,20726,15598,463,103,1763,154,2641,917,159,758
91046,160,104,104,0,0,33,23,0,0,0,0
91101,20719,11508,8490,1432,97,4678,36,2124,844,197,647
91103,28435,12148,5487,5051,66,2138,14,8187,831,203,628
91104,39178,22925,15253,4508,93,3881,120,6008,1643,292,1351
91105,11907,7828,6752,759,21,2114,0,754,431,65,366
91106,25479,13959,9994,1531,91,5739,50,2898,1211,211,1000
91107,32199,18274,13393,1723,112,7885,20,2769,1416,289,1127
91108,13769,5278,4678,174,0,7180,41,735,361,15,346
91201,23466,17996,15700,477,98,2143,35,2104,613,206,407
91202,23182,17331,15258,434,18,3423,0,1116,860,165,695
91203,14393,10047,8631,225,0,2675,9,1053,384,68,316
91204,18318,11813,8542,643,25,2916,0,2433,488,125,363
91205,37514,27975,21946,748,103,4755,68,2817,1048,228,820
91206,34938,25605,22153,532,78,6392,43,989,1299,227,1072
91207,10288,8653,7972,49,42,907,0,97,540,122,418
91208,17128,12927,11563,79,115,2796,0,359,852,192,660
91210,835,665,625,9,0,153,0,0,8,0,8
91214,30991,19632,17079,66,25,8931,16,844,1477,373,1104
91301,26028,21566,19662,747,0,2140,29,772,774,158,616
91302,26500,22180,20479,168,97,2501,8,245,1301,142,1159
91303,30380,16876,5619,1075,111,3367,76,8185,690,189,501
91304,53627,26824,18739,2567,116,8135,58,13965,1962,598,1364
91306,49551,21182,12137,1807,161,8471,105,15515,2310,959,1351
91307,27233,19238,16917,881,327,4326,3,1074,1384,247,1137
91311,40064,25446,19112,1703,154,6468,39,4380,1874,586,1288
91316,30888,25520,21722,1075,18,2521,0,287,1467,81,1386
91320,45852,36559,30980,480,118,5442,40,1487,1726,257,1469
91321,34510,24689,13500,1355,325,2702,23,3679,1737,299,1438
91324,30101,16739,11858,1934,66,5059,39,5200,1064,338,726
91325,34240,19577,13057,2488,72,5929,83,4586,1505,734,771
91326,36804,19948,16919,1106,228,11939,139,1635,1809,473,1336
91330,3306,1320,921,471,4,621,19,632,239,79,160
91331,105696,61617,4626,3247,583,5502,62,32882,1803,1118,685
91335,79687,51185,24498,3466,593,9077,68,12537,2761,897,1864
91340,35771,20606,1459,900,206,371,56,12975,657,226,431
91342,96177,70540,12889,3912,865,5016,53,13250,2541,810,1731
91343,65964,29184,12211,2380,114,9559,207,22554,1966,475,1491
91344,53453,31071,23563,2213,331,8822,97,7961,2958,739,2219
91345,19022,10048,3621,378,95,2011,0,5937,553,267,286
91350,37149,27768,19792,1200,194,3874,6,2028,2079,368,1711
91351,32661,22784,12962,1217,502,2804,2,3583,1769,330,1439
91352,47934,35228,8762,619,310,2938,19,7597,1223,384,839
91354,31027,21263,17226,1592,144,5412,82,755,1779,109,1670
91355,31645,22769,18771,936,25,3918,30,1949,2018,275,1743
91356,30346,23295,20798,1228,36,2132,0,2162,1493,178,1315
91360,43389,35107,28609,385,214,3474,55,2010,2144,362,1782
91361,20826,18026,16664,313,85,1102,0,503,797,219,578
91362,36071,29804,25080,504,144,3406,60,751,1402,163,1239
91364,27031,21192,19076,1603,176,2020,0,1131,909,79,830
91367,43370,30952,28162,1792,69,6342,50,1855,2310,386,1924
91371,0,0,0,0,0,0,0,0,0,0,0
91377,14440,11085,10279,159,0,2038,79,152,927,38,889
91381,20530,13593,11420,653,14,4572,0,429,1269,148,1121
91384,29283,20503,13321,1660,264,2037,127,2645,2047,229,1818
91387,43319,27520,17125,3009,571,5183,38,2927,4071,715,3356
91390,19521,15547,12546,372,163,1314,39,809,1277,305,972
91401,40995,24901,18350,1936,137,2329,2,10410,1280,277,1003
91402,71317,29580,6114,2171,370,10965,50,26996,1185,546,639
91403,24677,20162,18104,1489,125,1570,17,268,1046,56,990
91405,54770,20755,12683,2368,146,3965,38,26307,1191,333,858
91406,56200,24008,14998,2514,209,5311,17,22527,1614,349,1265
91411,25210,17644,9239,1241,15,1992,25,3725,568,47,521
91423,33641,26986,23483,1862,30,2348,78,479,1858,123,1735
91436,14794,13091,12212,164,24,1119,18,139,239,89,150
91501,20892,15567,14532,804,142,1874,0,1415,1090,95,995
91502,11645,8019,5467,436,28,1246,0,1570,346,24,322
91504,26558,17344,14054,683,73,4576,11,2994,877,334,543
91505,30997,21826,17000,891,146,3235,0,2919,1980,407,1573
91506,18245,13846,10490,245,124,1843,23,1145,1019,253,766
91601,38379,26296,17122,2853,178,2625,93,4644,1690,263,1427
91602,18944,13746,12314,1387,99,1535,63,943,1171,123,1048
91604,30642,24921,22454,1570,87,2246,73,434,1311,113,1198
91605,52386,31981,14695,2283,390,4143,57,12408,1124,239,885
91606,44352,28866,15709,1921,136,2544,197,9703,985,350,635
91607,31383,24888,19493,2216,170,1774,12,692,1631,214,1417
91608,0,0,0,0,0,0,0,0,0,0,0
91701,39628,28956,19778,1780,167,3514,8,3104,2099,625,1474
91702,61739,27370,10686,1577,735,6620,105,22757,2575,1410,1165
91706,77819,27345,2809,1678,1435,14400,557,30791,1613,1111,502
91708,3154,1167,848,314,49,649,0,513,462,135,327
91709,78025,36516,23486,3613,329,26133,153,7529,3752,1110,2642
91710,88862,46564,22423,4840,365,10503,436,19625,6529,2098,4431
91711,36933,23947,18245,1990,327,5059,19,3440,2151,267,1884
91722,36557,16867,6156,926,282,4317,39,11799,2327,1207,1120
91723,20193,9652,4728,918,312,2417,0,5703,1191,460,731
91724,25755,14126,8025,810,111,3858,10,5351,1489,731,758
91730,70545,40515,21237,9562,625,8639,431,7234,3539,1297,2242
91731,30063,13349,1286,110,27,8287,319,7455,516,256,260
91732,63557,29764,2765,371,459,18821,175,13212,755,312,443
91733,44989,23538,1407,78,316,9792,123,10228,914,439,475
91737,25759,17692,11776,1554,58,3333,39,1790,1293,294,999
91739,39069,21998,12994,3393,432,7545,0,3878,1823,585,1238
91740,26067,17085,11173,866,159,2664,50,3758,1485,270,1215
91741,26610,19711,15816,314,96,3066,31,1602,1790,755,1035
91744,86982,32019,3440,1401,632,9143,134,41865,1788,1017,771
91745,54166,20565,6808,603,168,21279,141,9908,1502,737,765
91746,30640,11513,1186,328,139,3155,33,14620,852,647,205
91748,47114,11338,4728,541,201,29066,210,4606,1152,322,830
91750,34017,25548,17291,1427,256,2527,36,2378,1845,648,1197
91752,30716,17453,7175,2034,79,1787,16,7976,1371,424,947
91754,33114,4965,1540,147,118,20306,206,6297,1075,270,805
91755,27942,2903,855,162,149,20634,201,3355,538,229,309
91759,426,414,399,5,7,0,0,0,0,0,0
91761,60560,30422,9836,3499,472,4205,216,18803,2943,1165,1778
91762,59433,28478,10306,3583,606,2732,138,21509,2387,1087,1300
91763,38211,17479,5475,1110,173,3850,204,14111,1284,421,863
91764,53750,23356,7743,3172,466,3390,235,20680,2451,1115,1336
91765,47398,13753,9614,2236,228,25525,450,3420,1786,455,1331
91766,72787,42558,6188,3029,1358,8313,134,14388,3007,935,2072
91767,49492,27929,7534,4271,863,4023,151,10459,1796,892,904
91768,36122,17210,4455,2386,622,2774,45,11460,1625,867,758
91770,63981,10581,2656,140,295,38611,42,13352,960,440,520
91773,34555,23132,15818,907,292,5577,151,2885,1611,814,797
91775,25156,7949,5378,302,166,12882,7,3099,751,167,584
91776,38322,6335,3058,180,72,24678,115,6385,557,141,416
91780,35184,7959,5451,312,125,21025,125,4853,785,248,537
91784,25908,19165,14599,814,110,3359,0,1282,1178,280,898
91786,53339,31614,18550,3360,232,3860,108,11322,2843,805,2038
91789,44115,10936,5759,1164,210,26866,113,3255,1571,469,1102
91790,45958,18140,5386,1230,213,10464,51,13994,1866,809,1057
91791,33953,13460,5518,1623,205,9089,41,7781,1754,901,853
91792,29787,7267,1932,1901,185,12351,50,6920,1113,424,689
91801,54928,11684,4786,1227,282,28353,175,11764,1443,432,1011
91803,30137,7365,2520,288,116,14618,74,6890,786,256,530
91901,18238,16193,14189,243,480,339,16,261,706,196,510
91902,19762,14306,6622,625,55,2297,141,996,1342,179,1163
91905,1528,1284,1091,108,104,3,0,2,27,0,27
91906,3426,2883,1925,59,260,35,0,16,173,2,171
91910,76250,56110,17424,3114,250,7386,403,5218,3769,1242,2527
91911,84025,62630,11870,2972,208,6025,440,8768,2982,1163,1819
91913,49346,24920,7124,3039,455,15247,291,2657,2737,484,2253
91914,17186,10133,3459,1131,6,3988,50,445,1433,139,1294
91915,32073,18205,5002,2281,242,6844,134,1541,2826,658,2168
91916,1752,1645,1450,9,50,0,0,9,39,0,39
91917,1125,845,273,48,0,4,133,86,9,9,0
91931,370,370,302,0,0,0,0,0,0,0,0
91932,26713,18946,8454,1007,317,2214,195,1545,2489,473,2016
91934,298,210,95,0,26,62,0,0,0,0,0
91935,8547,7449,5706,145,86,238,6,510,113,12,101
91941,32944,24974,20129,2464,141,1291,166,1665,2243,243,2000
91942,40239,29861,23152,2211,417,2505,138,2266,2841,400,2441
91945,26983,17444,8533,3674,146,1668,122,2205,1724,430,1294
91948,14,14,14,0,0,0,0,0,0,0,0
91950,62386,38778,6224,3184,343,11823,339,6007,1912,678,1234
91962,2530,2313,1956,27,14,24,0,84,68,24,44
91963,957,937,409,20,0,0,0,0,0,0,0
91977,61377,38193,18042,7278,244,5489,1006,5652,3515,707,2808
91978,9829,7004,4596,1093,48,615,32,344,693,64,629
91980,623,540,0,0,0,0,0,83,0,0,0
92003,5161,3930,3146,125,9,308,0,358,431,107,324
92004,2315,1994,1715,122,0,0,0,60,139,78,61
92007,11301,10235,9726,27,0,272,0,403,364,59,305
92008,27537,24206,20358,132,76,1293,54,743,1033,183,850
92009,44632,37270,33430,589,49,3773,115,649,2187,133,2054
92010,15694,12854,11104,149,52,1557,0,177,905,56,849
92011,24895,21117,18047,248,15,2014,76,516,909,56,853
92014,14048,12345,11624,66,0,1025,11,117,484,17,467
92019,43116,35185,28509,1382,355,1226,75,1895,2998,805,2193
92020,58862,44181,35396,3217,220,2133,349,5029,3733,624,3109
92021,71127,52689,39751,3851,474,2017,627,7023,4446,549,3897
92024,51309,45745,39665,375,171,2313,59,1080,1566,87,1479
92025,53470,41516,17975,1273,532,2463,128,5611,1947,339,1608
92026,48757,36534,23638,1149,241,4409,114,3981,2329,427,1902
92027,57746,42599,20371,1199,728,4227,260,6103,2630,679,1951
92028,48015,38990,26871,1108,111,1504,8,4635,1659,523,1136
92029,18615,15618,12761,381,14,1089,52,780,681,61,620
92036,2201,1836,1707,52,67,12,0,147,87,0,87
92037,39893,33003,30484,525,91,4296,28,467,1483,101,1382
92040,44243,38269,32166,650,940,1029,425,1135,1795,370,1425
92054,43554,32946,23110,1391,352,1499,190,4800,2376,515,1861
92055,11959,8724,7327,1200,177,441,81,1197,139,29,110
92056,54181,41958,30259,2282,641,3804,541,2552,2403,581,1822
92057,57276,39596,24794,3981,297,5590,345,3931,3536,889,2647
92058,46569,33874,22006,3975,334,2466,217,2587,3116,614,2502
92059,1271,394,265,35,440,54,10,116,222,174,48
92060,101,101,91,0,0,0,0,0,0,0,0
92061,2259,857,409,7,825,53,0,231,286,219,67
92064,49981,38067,31842,617,464,6536,18,1697,2582,265,2317
92065,37826,31864,25976,563,166,756,38,2344,2095,428,1667
92066,580,407,407,10,150,0,0,7,6,0,6
92067,9028,8481,7634,160,0,91,0,44,252,64,188
92069,49638,34768,18114,1114,352,4803,350,5674,2577,823,1754
92070,919,450,431,0,290,66,0,50,63,37,26
92071,57245,46733,40002,1234,385,2828,157,2080,3828,390,3438
92075,12754,10684,10036,67,120,597,0,581,705,48,657
92078,49261,36378,27541,1562,435,4600,282,2443,3561,742,2819
92081,29039,23274,17428,652,41,2548,6,1325,1193,286,907
92082,19263,15941,13039,97,862,848,53,833,629,195,434
92083,38107,30303,12133,1320,191,1491,93,3240,1469,371,1098
92084,51334,42826,22386,1442,109,1410,19,3915,1613,480,1133
92086,1675,1337,1152,27,115,49,0,77,70,37,33
92091,1458,1254,1175,0,0,186,0,18,0,0,0
92101,38023,28936,22954,3036,140,3219,141,906,1645,52,1593
92102,44644,32007,8866,4451,206,2568,226,3323,1863,493,1370
92103,34671,28029,24108,1709,100,2317,84,1012,1420,168,1252
92104,44398,33981,22804,3133,340,2701,76,2184,1983,456,1527
92105,73379,37044,8624,10685,549,13546,98,8238,3219,477,2742
92106,19250,16253,14315,481,99,982,161,397,877,67,810
92107,29796,26306,22806,529,272,976,54,709,950,19,931
92108,21973,15585,12058,1721,233,2067,0,1139,1228,167,1061
92109,49024,44208,38785,531,148,1514,152,884,1587,252,1335
92110,28373,23077,18591,1262,103,2028,65,585,1253,152,1101
92111,49467,30797,20841,2093,317,10540,142,2734,2844,296,2548
92113,56478,26602,5275,6541,403,2181,43,19339,1369,533,836
92114,69635,20245,6211,13657,609,17345,330,13750,3699,573,3126
92115,65704,40759,25562,8698,345,9198,349,2934,3421,531,2890
92116,34295,26760,19682,2190,194,2034,7,1266,1844,273,1571
92117,55978,42994,33270,1093,248,5784,380,2564,2915,425,2490
92118,22623,20154,17255,736,70,741,32,182,708,41,667
92119,23910,19262,16574,787,145,1555,48,974,1139,39,1100
92120,29392,23558,19483,1340,79,2372,111,658,1274,160,1114
92121,4807,2726,2467,63,0,1662,2,232,122,11,111
92122,47331,27278,23378,1412,160,15463,68,962,1988,158,1830
92123,31028,18949,14786,2458,95,5097,318,1157,2954,237,2717
92124,32126,22323,18824,1870,137,4240,154,750,2652,345,2307
92126,81883,29020,22509,3846,272,38550,721,3459,6015,615,5400
92127,45980,27208,23518,716,158,14113,0,297,3488,273,3215
92128,50473,32962,29067,1293,48,11663,297,1202,3008,495,2513
92129,54577,31100,26790,1563,196,16654,329,1220,3515,295,3220
92130,54495,34472,31060,1321,13,15685,0,408,2596,114,2482
92131,34414,22492,19797,646,23,9173,24,304,1752,198,1554
92132,0,0,0,0,0,0,0,0,0,0,0
92134,258,133,85,75,0,11,0,35,4,0,4
92135,944,694,581,110,6,47,18,45,24,0,24
92139,36836,16199,4592,4878,139,10400,565,2198,2457,95,2362
92140,3348,2770,2118,296,60,43,0,31,148,31,117
92145,2159,1365,1055,77,0,600,56,13,48,0,48
92147,562,410,347,99,0,14,10,29,0,0,0
92154,87218,60404,10636,4923,258,10614,677,6578,3764,871,2893
92155,486,309,226,83,2,44,2,46,0,0,0
92173,31728,26860,980,156,42,468,0,3584,618,306,312
92201,64283,31057,13018,1954,482,1264,69,27859,1598,705,893
92203,30945,21312,14266,577,326,1205,0,6336,1189,727,462
92210,5060,4633,4533,54,0,223,0,91,59,0,59
92211,25015,21976,19498,437,58,881,11,366,1286,122,1164
92220,33016,22618,12794,3027,1455,1895,34,2932,1055,446,609
92222,0,0,0,0,0,0,0,0,0,0,0
92223,52129,36814,22957,3056,786,3865,136,5218,2254,731,1523
92225,21966,11578,6126,2605,129,452,64,6096,1042,444,598
92227,27358,21539,4270,378,154,326,79,3268,1614,387,1227
92230,3962,2742,1326,74,290,0,0,456,400,325,75
92231,40054,31353,689,134,76,251,0,7198,1042,438,604
92233,7653,2907,531,1131,40,58,22,3132,363,185,178
92234,53717,41306,16791,1778,371,2578,38,6242,1404,405,999
92236,44523,13427,876,255,267,28,0,30302,244,131,113
92239,164,150,125,8,0,0,0,1,5,0,5
92240,35434,24589,11325,2477,211,714,106,5678,1659,323,1336
92241,7936,6599,4238,209,11,67,0,888,162,34,128
92242,1209,1132,958,18,43,0,0,6,10,0,10
92243,49915,25184,5643,1273,311,1028,114,19185,2820,1863,957
92249,8166,6157,52,0,193,160,0,1533,123,0,123
92250,8689,6126,1891,92,120,123,4,1740,484,160,324
92251,22813,14471,3389,1407,194,538,27,5043,1133,457,676
92252,9232,7989,6718,94,38,193,30,244,644,363,281
92253,39955,31706,23368,810,32,1444,0,4554,1409,320,1089
92254,11550,4138,362,0,0,0,0,7277,135,46,89
92256,3250,2920,2613,10,17,11,0,135,157,90,67
92257,1610,1153,874,38,7,9,0,206,197,142,55
92258,685,471,195,44,0,0,0,165,5,5,0
92259,181,181,174,0,0,0,0,0,0,0,0
92260,34091,27784,20971,695,104,1529,36,2740,1203,562,641
92262,28377,23183,15376,1768,198,1175,57,1060,936,166,770
92264,19664,16780,13787,427,128,1035,51,831,412,60,352
92266,103,103,103,0,0,0,0,0,0,0,0
92267,5,0,0,0,0,0,0,0,5,0,5
92268,539,539,459,0,0,0,0,0,0,0,0
92270,17975,16054,14723,465,92,558,41,374,391,18,373
92273,1665,1455,161,0,0,0,0,39,171,51,120
92274,17298,7727,1634,146,167,41,0,9107,110,65,45
92275,2139,1117,725,76,10,49,15,828,44,12,32
92276,7278,5807,2649,187,136,82,0,990,76,41,35
92277,23978,16726,13428,2438,417,891,205,918,2383,189,2194
92278,4154,3473,2674,292,43,123,9,69,145,0,145
92280,17,0,0,17,0,0,0,0,0,0,0
92281,2576,1411,242,84,33,0,0,905,143,131,12
92282,1498,1045,687,174,21,90,0,118,50,8,42
92283,1970,772,333,32,841,42,0,123,160,2,158
92284,26000,20998,17770,1398,659,385,32,1239,1289,109,1180
92285,2597,2297,2033,33,78,13,0,130,46,0,46
92301,33347,20595,4874,7077,59,530,120,3409,1557,424,1133
92304,23,14,0,0,0,0,0,9,0,0,0
92305,507,463,425,1,7,0,0,1,35,0,35
92307,38304,31036,20762,3020,102,1001,18,1081,2046,344,1702
92308,41442,33931,22139,2904,414,1453,3,1209,1528,394,1134
92309,656,615,220,0,0,39,0,1,1,0,1
92310,9053,5576,4301,1700,49,677,5,416,630,16,614
92311,33938,23638,11128,4231,652,996,252,1725,2444,319,2125
92313,12478,8760,4710,621,63,842,4,1408,780,333,447
92314,11309,10627,8569,75,39,205,0,157,206,1,205
92315,5255,4811,3537,60,58,55,113,139,19,0,19
92316,29304,15563,4060,1288,183,500,33,10958,779,285,494
92320,8457,7285,5875,111,70,280,12,250,449,183,266
92321,1210,1087,806,4,22,17,14,54,12,0,12
92322,719,705,583,0,0,0,0,0,14,0,14
92324,58650,37877,10399,4413,652,2718,126,10934,1930,587,1343
92325,8789,7912,6537,122,80,104,0,166,405,124,281
92327,718,503,433,125,90,0,0,0,0,0,0
92328,320,235,216,22,45,7,0,4,7,1,6
92332,11,11,11,0,0,0,0,0,0,0,0
92333,300,300,300,0,0,0,0,0,0,0,0
92335,99791,35297,9213,4836,850,1749,961,53679,2419,1286,1133
92336,94327,47643,17506,10865,604,9114,62,21175,4864,1084,3780
92337,38938,14984,4254,3870,245,2805,49,14856,2129,702,1427
92338,0,0,0,0,0,0,0,0,0,0,0
92339,1295,1240,1149,0,6,0,20,18,11,0,11
92341,232,232,232,0,0,0,0,0,0,0,0
92342,7096,6237,4641,392,24,119,0,39,285,0,285
92344,23275,18652,8991,1875,765,859,0,536,588,32,556
92345,80910,67876,29397,3035,634,1181,98,5477,2609,841,1768
92346,60424,36171,19527,6793,862,5152,553,7628,3265,1172,2093
92347,917,681,492,74,0,10,0,123,29,11,18
92352,6237,5621,4669,64,36,159,0,109,248,0,248
92354,21341,10856,6797,2618,43,6357,160,652,655,175,480
92356,6239,5402,4248,177,208,54,0,118,280,29,251
92358,954,842,645,0,2,5,8,0,97,0,97
92359,8913,6873,4977,245,44,416,179,625,531,190,341
92363,5384,4098,3109,98,659,102,0,181,246,17,229
92364,0,0,0,0,0,0,0,0,0,0,0
92365,2763,2358,1909,90,29,158,0,39,89,0,89
92368,941,819,393,3,0,0,0,75,44,7,37
92371,17799,15466,9998,705,65,486,146,756,175,97,78
92372,6228,5914,4150,0,42,158,0,0,114,0,114
92373,34063,25671,20689,2512,209,2477,0,1594,1600,440,1160
92374,42579,29606,17091,3247,226,3612,280,3179,2429,623,1806
92376,86937,54192,7651,10127,642,2083,136,16609,3148,1343,1805
92377,19490,12042,3661,3246,62,541,16,2427,1156,326,830
92378,211,157,60,0,0,0,0,54,0,0,0
92382,4822,4184,3905,147,10,59,32,82,308,35,273
92384,17,17,17,0,0,0,0,0,0,0,0
92385,289,289,263,0,0,0,0,0,0,0,0
92386,2004,1964,1482,0,31,9,0,0,0,0,0
92389,153,153,146,0,0,0,0,0,0,0,0
92391,2738,2276,1796,1,0,44,0,349,68,0,68
92392,57678,39653,14246,8325,552,1834,98,3365,3851,741,3110
92394,35528,20036,5904,6601,273,1815,126,4024,2653,1159,1494
92395,41785,29839,14484,5554,199,1077,46,3249,1821,523,1298
92397,4457,4179,3460,11,27,22,0,12,206,55,151
92398,2058,1955,1145,38,0,0,0,0,65,0,65
92399,54027,45605,32439,627,189,1400,117,4280,1809,409,1400
92401,2030,920,273,504,0,74,0,523,9,4,5
92404,60850,31730,10844,9015,377,1557,223,14466,3482,822,2660
92405,30366,16669,5241,4471,254,778,20,6858,1316,181,1135
92407,67302,43138,13920,7448,451,3296,398,9223,3348,519,2829
92408,15466,8526,2033,1759,72,2157,0,2330,622,43,579
92410,46063,27059,3926,4970,404,1290,0,10399,1941,483,1458
92411,26239,16879,732,3696,54,876,0,3771,963,207,756
92501,21707,12838,6393,1415,195,845,34,4908,1472,500,972
92503,94523,53707,24940,3497,479,7397,91,24740,4612,2009,2603
92504,57955,39810,19817,3512,1134,2728,41,8716,2014,567,1447
92505,50110,30830,11619,2489,274,4070,374,9412,2661,1169,1492
92506,45831,35046,24604,2277,300,2331,38,3551,2288,458,1830
92507,58017,33054,14727,4909,366,7135,152,9914,2487,415,2072
92508,39121,23405,16356,3735,192,3830,215,5835,1909,394,1515
92509,81093,42166,18172,2627,1008,2281,177,29461,3373,1448,1925
92518,1065,902,737,32,0,63,0,25,43,9,34
92530,57204,30635,18964,2110,279,1808,26,19596,2750,1046,1704
92532,22770,12363,8974,1253,0,2034,4,4815,2301,584,1717
92536,3013,2722,2313,21,0,0,12,131,127,0,127
92539,4726,3573,3190,1,120,182,39,498,313,16,297
92543,37825,26736,13485,3395,560,614,82,4867,1571,374,1197
92544,47880,37436,24578,2199,987,885,211,3855,2307,330,1977
92545,41738,31886,20078,3188,514,1881,54,2249,1966,664,1302
92548,8256,6655,2994,0,46,24,217,1258,56,37,19
92549,2689,2515,2293,51,22,64,1,14,22,0,22
92551,33980,11531,3988,6344,255,1888,128,13118,716,299,417
92553,74918,27608,8619,12039,409,3683,398,29225,1556,406,1150
92555,43436,17758,8971,7819,193,4166,297,11306,1897,631,1266
92557,51789,23338,12198,8910,316,3118,410,13473,2224,713,1511
92561,1812,1613,1277,13,58,18,0,56,54,23,31
92562,63032,44789,35978,3281,314,4536,331,5110,4671,536,4135
92563,64686,38140,28759,4534,594,7541,507,7267,6103,857,5246
92567,10003,7054,3742,73,27,287,21,2285,256,33,223
92570,60349,23478,11121,4610,578,842,1,29656,1184,533,651
92571,55814,16691,5514,5985,370,2424,20,28783,1541,444,1097
92582,16437,11264,5403,903,158,973,0,2024,1115,335,780
92583,32682,21435,10669,2144,1110,734,127,5751,1381,495,886
92584,51523,33208,24984,3998,565,3393,265,6129,3965,972,2993
92585,21077,12510,7714,1634,49,1036,91,4547,1210,386,824
92586,20186,15544,12255,1264,100,943,32,1762,541,54,487
92587,17095,13207,11235,110,14,450,9,3019,286,50,236
92590,4090,2511,1995,49,36,283,0,967,244,81,163
92591,40601,28739,22086,2598,135,2591,31,3609,2898,853,2045
92592,82551,58194,46120,3742,705,8078,423,5861,5548,1098,4450
92595,32647,23200,16196,1676,302,1447,269,4628,1125,399,726
92596,28039,18693,13266,1733,161,2790,114,2808,1740,304,1436
92602,26351,10176,8788,375,0,12322,116,816,2546,134,2412
92603,20741,11525,10428,151,11,7725,0,192,1137,140,997
92604,28656,15677,13384,325,94,9875,16,952,1717,126,1591
92606,23895,11347,9789,696,0,9592,222,792,1246,199,1047
92610,12025,7965,6846,231,53,3021,12,147,596,49,547
92612,32083,16751,14934,850,0,12138,7,1148,1189,96,1093
92614,25271,13975,11818,349,24,9176,23,401,1323,108,1215
92617,17232,8768,6465,354,36,5910,23,1258,883,169,714
92618,34704,17239,15630,910,20,14558,7,575,1395,102,1293
92620,48752,17725,16341,1127,147,26037,60,1391,2265,400,1865
92624,6314,5446,4591,167,27,233,0,259,182,27,155
92625,12323,10728,10152,95,48,734,19,313,386,98,288
92626,51251,37629,26623,1434,199,7203,438,2292,2056,328,1728
92627,62184,42451,29615,401,282,2551,552,13718,2229,663,1566
92629,27063,22409,20605,358,62,919,0,2423,892,152,740
92630,62230,41465,32540,1419,910,8971,120,6672,2673,374,2299
92637,16314,13023,12382,69,9,2986,0,50,177,65,112
92646,55869,43649,39259,498,138,6294,258,2201,2831,412,2419
92647,62141,42001,31771,1386,555,7797,214,7254,2934,436,2498
92648,47424,37109,31922,495,85,5303,194,2139,2099,440,1659
92649,34276,26136,22919,355,142,4453,104,1210,1876,185,1691
92651,24828,22016,20466,201,33,1272,92,485,729,25,704
92653,29554,20961,17333,484,184,4239,153,2011,1522,395,1127
92655,8846,2889,1097,24,20,4725,137,881,170,0,170
92656,52372,36627,31468,1150,396,8024,32,2544,3599,840,2759
92657,9947,7593,7151,0,31,1647,0,75,601,18,583
92660,36406,31747,29848,308,38,3088,18,450,757,208,549
92661,3426,3106,2903,0,0,34,10,49,227,18,209
92662,2799,2752,2695,11,0,27,0,0,9,0,9
92663,21657,18970,17700,133,87,932,65,810,660,117,543
92672,34671,27574,24658,161,44,928,88,4415,1461,494,967
92673,30537,25473,23077,277,85,1513,413,1081,1695,366,1329
92675,36686,25390,21065,194,183,1257,68,8394,1200,326,874
92676,2088,1869,1642,17,15,79,0,21,87,19,68
92677,66077,50189,44090,1331,401,6506,126,3562,3962,763,3199
92678,518,440,418,1,0,31,0,46,0,0,0
92679,32738,27284,24199,352,102,3078,60,513,1349,157,1192
92683,91758,36717,22466,832,654,44028,199,5892,3436,588,2848
92688,45062,34045,27431,1127,114,5705,46,1754,2271,506,1765
92691,50287,39881,33185,673,186,4976,98,1962,2511,294,2217
92692,48485,37915,32675,885,103,5456,33,1567,2526,281,2245
92694,27582,21943,18267,510,0,3173,64,516,1376,115,1261
92701,51732,28921,3043,421,275,2227,145,18964,779,330,449
92703,71963,15802,3470,655,262,11617,91,42566,970,413,557
92704,90525,39708,7983,859,288,16069,191,32018,1392,454,938
92705,46833,33983,22085,706,509,4545,9,5502,1579,407,1172
92706,35276,12857,5837,321,371,3294,134,17400,899,344,555
92707,62408,35187,5944,682,331,4382,354,20799,673,207,466
92708,57779,31974,26486,288,173,18722,93,3899,2630,473,2157
92780,61615,28332,18451,1778,236,9327,244,18927,2771,654,2117
92782,23956,11172,9170,322,265,8684,0,2038,1475,265,1210
92801,67094,43630,10806,2430,190,11605,182,6581,2476,500,1976
92802,42476,29957,8375,829,136,6658,235,3495,1166,361,805
92804,88065,54035,20194,2428,507,20942,394,6729,3030,644,2386
92805,73140,54701,9828,1175,201,6528,366,8600,1569,301,1268
92806,40174,26795,10481,823,302,5676,137,4808,1633,258,1375
92807,35980,27168,20261,430,68,5884,95,978,1357,260,1097
92808,20726,13621,11191,593,0,4704,9,548,1251,178,1073
92821,37840,26249,17718,615,308,7166,58,1741,1703,283,1420
92823,4104,1789,1054,59,0,1845,0,74,337,17,320
92831,37686,24905,14404,1078,56,7298,153,2454,1742,358,1384
92832,25182,15091,7590,1091,106,2390,97,5375,1032,181,851
92833,52950,22902,12020,1260,148,18434,264,7436,2506,499,2007
92835,23513,14083,11746,518,43,6249,63,1265,1292,146,1146
92840,55928,24798,11410,621,148,18573,135,10598,1055,213,842
92841,34228,15005,7210,246,316,14816,78,3100,667,93,574
92843,45198,13149,4213,235,258,19421,290,11218,627,93,534
92844,24050,5383,3134,357,126,15004,1,2635,544,97,447
92845,16917,12987,10526,390,79,2316,42,271,832,211,621
92860,26613,20427,15010,1079,113,1058,40,2572,1324,325,999
92861,5893,4504,3956,80,0,1001,0,126,182,36,146
92865,20993,15378,9897,266,201,2851,35,1752,510,100,410
92866,15388,11966,8949,172,14,559,0,2352,325,34,291
92867,44545,33356,20325,597,287,5085,20,3754,1446,261,1185
92868,28148,13973,8119,873,60,4051,87,8360,744,203,541
92869,36598,27884,17291,329,166,4040,11,2552,1616,173,1443
92870,53642,38805,21524,684,367,9329,106,2452,1899,451,1448
92879,45767,29286,12746,2429,260,5810,248,5794,1940,853,1087
92880,68915,32945,16109,5227,437,16358,89,9827,4032,969,3063
92881,34039,22703,15396,2166,173,4278,121,3117,1481,296,1185
92882,71188,49904,25376,2202,300,6189,415,9006,3172,1027,2145
92883,33982,22243,16056,2341,242,3915,37,2823,2381,732,1649
92886,50543,37912,31006,554,83,8972,83,741,2198,310,1888
92887,20143,14361,11713,259,21,3992,0,424,1086,146,940
93001,33354,28779,17209,255,581,589,95,1927,1128,266,862
93003,51956,42988,30526,831,401,2317,47,2483,2889,660,2229
93004,30494,25481,16675,665,161,1384,13,997,1793,540,1253
93010,44122,33166,24658,1051,204,4204,76,2925,2496,383,2113
93012,36234,28428,23420,505,175,4115,0,917,2094,128,1966
93013,16735,12590,8522,50,282,552,0,2807,454,65,389
93015,17713,15542,4125,26,67,208,30,1400,440,186,254
93021,37989,29894,21119,513,246,2786,266,2482,1802,314,1488
93022,7147,6450,4813,1,114,104,11,193,274,24,250
93023,20272,18580,15406,46,111,307,30,486,712,115,597
93030,60191,44835,6900,1714,1058,4497,36,6111,1940,457,1483
93033,83572,64394,4867,1799,1925,5802,303,7677,1672,475,1197
93035,28795,22834,12827,1080,215,1668,72,1657,1269,340,929
93036,47234,35593,7995,1199,108,3286,77,4957,2014,357,1657
93040,1832,1468,129,56,27,18,0,194,69,31,38
93041,24487,17156,7184,1330,169,1524,207,1671,2430,334,2096
93042,99,50,0,12,0,6,0,7,24,0,24
93043,363,262,0,0,0,0,0,101,0,0,0
93060,34226,29343,6215,92,176,606,19,2816,1174,408,766
93063,56457,44439,34544,816,322,5143,81,2668,2988,616,2372
93064,0,0,0,0,0,0,0,0,0,0,0
93065,72763,58618,43710,1001,273,7265,50,2679,2877,341,2536
93066,3208,2778,1638,32,0,80,11,287,20,8,12
93067,579,431,431,33,0,30,0,58,27,27,0
93101,32101,22960,14112,459,239,1336,149,5619,1339,368,971
93103,20698,15753,9323,336,127,577,0,3081,824,171,653
93105,26177,22124,19322,204,268,948,23,1814,796,180,616
93108,11178,10174,9655,63,35,379,0,186,341,116,225
93109,12066,10035,8723,203,121,600,0,610,497,8,489
93110,16838,12985,10350,369,164,949,0,1648,723,246,477
93111,18334,14739,12402,295,80,1192,0,1401,627,107,520
93117,57913,37319,28528,1413,283,7949,30,7400,3519,977,2542
93201,1315,1044,235,0,61,5,0,147,58,23,35
93202,3684,1523,641,165,72,182,0,1485,257,74,183
93203,22471,19588,1407,323,92,46,71,2062,289,211,78
93204,13119,5497,1477,783,172,65,13,6347,242,44,198
93205,1593,1427,1033,16,31,0,0,0,119,0,119
93206,2044,1895,377,33,9,1,0,69,37,5,32
93207,269,251,251,0,11,3,0,0,4,0,4
93208,48,48,48,0,0,0,0,0,0,0,0
93210,18163,11087,5288,727,187,412,68,4597,1085,161,924
93212,24384,15656,4428,2679,434,189,37,4577,812,131,681
93215,55845,40123,3115,2672,512,6539,68,4782,1149,402,747
93218,889,778,103,0,5,0,0,103,3,0,3
93219,10375,8090,170,61,0,804,41,1354,25,22,3
93220,313,313,313,0,0,0,0,0,0,0,0
93221,15036,12961,8295,160,199,154,19,1206,337,130,207
93222,1420,1285,1281,0,53,30,0,13,39,6,33
93223,10738,8739,1068,198,168,10,0,1553,70,24,46
93224,402,376,353,0,10,2,0,0,14,0,14
93225,5319,4985,4132,0,49,55,0,13,217,0,217
93226,195,192,192,3,0,0,0,0,0,0,0
93230,66235,50769,25785,2915,439,2906,91,6276,2839,728,2111
93234,7028,2990,137,0,54,0,0,3913,71,71,0
93235,3804,2848,761,0,0,74,0,810,72,32,40
93238,1408,1337,1262,0,0,26,0,45,0,0,0
93239,1688,934,29,15,29,0,0,691,19,19,0
93240,6960,6698,6192,52,41,0,0,49,120,0,120
93241,16969,15659,511,42,68,21,5,1165,9,9,0
93242,3352,2356,1003,0,0,96,0,819,81,0,81
93243,1709,1254,624,0,186,186,0,15,68,0,68
93244,402,394,356,0,0,4,0,0,4,0,4
93245,37907,22781,16250,2998,1012,2237,226,6621,2032,183,1849
93247,18487,15013,2839,47,73,240,0,2723,391,97,294
93249,2264,2135,51,15,0,0,0,114,0,0,0
93250,15523,13854,678,130,45,12,11,1263,208,75,133
93251,243,222,124,2,0,8,0,11,0,0,0
93252,3188,2369,1084,68,84,122,0,125,420,354,66
93254,626,548,226,6,0,3,0,43,26,8,18
93255,707,649,649,0,14,15,0,18,11,0,11
93256,6113,4701,376,76,0,0,0,1200,136,79,57
93257,76676,59197,21134,586,1932,2882,160,9851,2068,773,1295
93258,2254,1376,115,0,0,615,0,254,9,0,9
93260,193,91,91,58,0,0,0,0,44,0,44
93261,3014,1940,7,0,44,128,0,886,16,8,8
93262,75,14,14,15,0,14,0,0,32,0,32
93263,20710,17173,3172,342,62,122,0,2683,328,153,175
93265,3388,3082,2890,14,52,0,0,115,125,16,109
93266,1440,753,263,0,13,0,0,674,0,0,0
93267,7045,5300,1656,0,14,4,0,1695,32,21,11
93268,17620,15714,10206,163,69,407,27,855,385,53,332
93270,5605,3655,805,277,198,0,5,1418,52,5,47
93271,2268,2154,1912,0,26,26,11,19,32,6,26
93272,4186,3551,685,0,0,0,0,567,68,12,56
93274,72918,57933,23052,2355,670,1444,141,7807,2568,833,1735
93276,159,150,113,0,1,0,0,1,7,0,7
93277,52785,42799,25030,1244,859,2045,30,3724,2084,574,1510
93280,27552,21731,3134,1774,201,213,54,2866,713,235,478
93283,2086,1854,1729,0,68,0,0,42,122,0,122
93285,1723,1709,1653,0,0,0,0,0,14,0,14
93286,9916,8167,1946,27,15,15,23,1554,115,52,63
93287,74,67,67,0,0,7,0,0,0,0,0
93291,56627,42930,18003,923,819,4430,190,4585,2750,822,1928
93292,40512,32051,16721,713,378,1566,0,4095,1709,433,1276
93301,12345,8437,5195,1214,113,644,19,1050,868,127,741
93304,50787,31361,10385,6250,587,1460,32,9795,1302,508,794
93305,39114,26316,6277,2386,638,526,27,8128,1093,574,519
93306,70208,56466,21128,2285,1105,1935,117,6159,2141,760,1381
93307,84948,58015,9519,5453,1637,2016,392,15754,1681,617,1064
93308,54042,45982,37642,1608,799,783,30,2359,2481,503,1978
93309,60893,43426,23875,5740,350,2355,230,6269,2523,490,2033
93311,44862,30021,19374,2233,626,7773,45,2347,1817,338,1479
93312,59359,46766,35597,1166,252,4362,123,3750,2940,827,2113
93313,51245,31838,13280,3809,403,5982,23,7706,1484,709,775
93314,26992,21908,16984,281,369,1968,104,1347,1015,204,811
93401,29108,24897,21424,462,67,1262,0,1220,1200,202,998
93402,15730,14009,12167,28,192,517,0,346,638,55,583
93405,35534,26458,22790,2506,257,3375,31,1516,1391,139,1252
93410,0,0,0,0,0,0,0,0,0,0,0
93420,29940,25512,22299,121,361,1475,92,1044,1335,280,1055
93422,33221,30431,25670,356,122,750,31,422,1109,189,920
93424,684,599,599,0,0,52,0,0,33,0,33
93426,1839,1724,1353,71,6,7,0,8,23,0,23
93427,5757,4861,3564,137,45,22,0,476,216,0,216
93428,6155,5440,4602,25,0,201,0,337,152,26,126
93429,147,121,29,8,0,0,0,18,0,0,0
93430,3101,2974,2568,7,0,87,0,10,23,0,23
93432,990,934,729,0,10,0,0,12,34,0,34
93433,13524,10822,7952,330,297,427,126,1101,421,51,370
93434,7313,4968,462,28,133,298,0,1732,154,32,122
93436,56606,37987,21672,2546,1010,1704,227,8885,4247,924,3323
93437,3450,2271,1749,292,36,186,25,63,577,22,555
93440,1601,1463,934,0,0,70,0,68,0,0,0
93441,996,863,769,10,0,16,42,52,13,0,13
93442,11084,10121,8966,140,97,317,0,161,248,68,180
93444,20049,16822,11736,349,92,554,0,1505,727,228,499
93445,7714,5923,3180,0,54,449,0,814,474,73,401
93446,44911,40023,28584,752,254,513,0,2230,1139,174,965
93449,8060,7239,6772,131,16,181,0,164,329,9,320
93450,853,725,91,0,0,8,0,120,0,0,0
93451,4189,3478,2069,11,8,55,0,518,119,5,114
93452,728,631,212,0,0,16,0,79,2,0,2
93453,3345,3243,3099,57,0,0,0,0,45,0,45
93454,40333,29501,9850,762,218,2013,82,6465,1292,291,1001
93455,44490,36793,25711,509,297,2226,145,2523,1997,303,1694
93458,56702,41880,5520,533,245,2555,9,10316,1164,253,911
93460,4886,4051,3611,9,241,117,0,79,389,58,331
93461,1545,1470,832,34,0,3,0,21,17,6,11
93463,8011,6957,5550,40,45,205,0,563,201,0,201
93465,8905,8109,7259,18,219,45,0,199,315,59,256
93501,5063,3061,1877,941,12,28,58,854,109,0,109
93505,13445,7665,5219,3200,229,511,35,908,897,251,646
93510,7836,6612,5753,152,17,133,0,746,176,12,164
93512,293,180,180,0,110,2,0,1,0,0,0
93513,1715,1141,872,8,416,46,11,33,60,0,60
93514,14574,12076,9914,121,1392,222,23,312,428,140,288
93516,2425,1545,1383,177,39,50,0,426,188,13,175
93517,658,425,414,2,83,4,0,143,1,0,1
93518,995,847,780,0,36,6,0,53,53,46,7
93519,28,28,28,0,0,0,0,0,0,0,0
93522,34,34,34,0,0,0,0,0,0,0,0
93523,3312,2726,2369,218,6,47,0,63,252,8,244
93524,168,107,98,28,5,18,8,2,0,0,0
93526,640,532,481,1,82,2,0,6,17,0,17
93527,1852,1777,1693,13,0,24,0,0,38,23,15
93528,124,98,98,0,0,26,0,0,0,0,0
93529,383,297,294,0,0,0,0,86,0,0,0
93530,10,10,10,0,0,0,0,0,0,0,0
93531,422,391,391,0,0,0,0,31,0,0,0
93532,2857,2463,2013,41,25,31,0,222,75,11,64
93534,39166,24218,12240,9130,283,1534,121,2393,1487,255,1232
93535,73728,47647,20174,15765,290,2203,122,4857,2844,982,1862
93536,71303,47570,32309,11511,554,3585,49,4065,3969,610,3359
93541,506,496,474,5,0,5,0,0,0,0,0
93543,14748,6966,3226,1358,86,139,34,5385,780,482,298
93544,1099,694,590,188,0,0,0,136,81,69,12
93545,1818,1578,933,7,144,2,0,54,33,21,12
93546,9346,8001,5574,50,36,261,0,681,317,67,250
93549,250,202,202,15,33,0,0,0,0,0,0
93550,75774,28099,11745,9995,1027,1858,179,31239,3377,1941,1436
93551,51896,30827,23134,5487,370,3852,260,7415,3685,1062,2623
93552,41320,15833,5772,4519,146,1493,38,17302,1989,1011,978
93553,1893,1321,1143,41,0,10,0,367,154,79,75
93554,143,143,104,0,0,0,0,0,0,0,0
93555,34075,25530,22169,2358,434,1833,92,1977,1851,288,1563
93558,221,221,221,0,0,0,0,0,0,0,0
93560,20797,13968,9126,1977,334,589,20,2460,1449,229,1220
93561,34271,30307,23232,1196,223,566,29,867,1083,168,915
93562,1639,1414,1213,101,6,5,0,33,80,36,44
93563,417,301,272,39,7,3,0,30,37,2,35
93591,6809,3250,2155,782,11,62,0,2355,349,133,216
93592,81,45,45,0,0,0,0,0,36,36,0
93601,1855,1824,1810,0,21,0,0,0,10,0,10
93602,4284,3799,3148,16,247,19,7,77,119,18,101
93603,137,115,115,0,0,0,0,0,22,0,22
93604,707,640,640,0,15,8,0,0,44,4,40
93605,170,165,149,0,0,4,0,0,1,0,1
93606,774,539,0,0,86,67,6,71,5,0,5
93608,973,683,22,0,0,0,0,290,0,0,0
93609,5668,2997,1295,0,3,72,0,2274,322,133,189
93610,23587,16061,8322,1665,477,515,129,3582,1158,577,581
93611,48759,35067,27335,1071,450,6072,51,3836,2212,582,1630
93612,35625,23202,16329,1732,367,2730,296,5909,1389,249,1140
93614,11134,9991,9270,122,414,242,0,102,263,3,260
93615,6277,4727,364,0,30,61,0,1314,145,0,145
93616,2726,1771,206,0,4,92,0,819,40,4,36
93618,30754,25149,4575,130,111,551,9,3973,831,274,557
93619,34587,27510,22830,492,167,3681,185,1328,1224,315,909
93620,9388,6174,2297,243,18,87,0,2364,502,60,442
93621,155,155,155,0,0,0,0,0,0,0,0
93622,10298,7036,1011,38,32,16,0,3147,29,0,29
93623,108,99,90,0,0,0,0,0,9,0,9
93624,1170,576,102,19,15,40,0,513,7,7,0
93625,7715,5726,1671,37,28,704,2,896,322,45,277
93626,1995,1567,992,0,67,276,0,55,30,11,19
93627,198,41,0,0,0,0,0,157,0,0,0
93628,220,139,139,0,0,0,0,0,81,0,81
93630,20133,14492,3566,14,194,929,7,3743,754,473,281
93631,16206,13949,7810,25,98,406,6,1005,717,102,615
93633,0,0,0,0,0,0,0,0,0,0,0
93634,24,9,9,13,0,0,0,2,0,0,0
93635,40550,27228,10311,499,215,1167,42,9514,1885,688,1197
93636,12191,10233,7406,228,153,448,11,527,591,215,376
93637,40986,29795,9566,1021,682,1112,27,7301,1048,379,669
93638,50453,37845,6805,1893,248,559,57,8320,1531,669,862
93640,12645,6829,234,292,29,26,0,5178,291,235,56
93641,171,146,136,16,0,0,0,8,1,0,1
93643,2915,2257,1896,0,444,8,0,91,115,2,113
93644,8252,7662,6868,0,55,395,0,44,96,54,42
93645,239,239,239,0,0,0,0,0,0,0,0
93646,10959,7692,582,58,87,17,39,2984,82,12,70
93647,11387,8245,401,203,82,925,0,1531,401,211,190
93648,16018,12117,363,42,40,44,0,3649,126,76,50
93650,3863,2232,1045,45,18,283,0,894,391,28,363
93651,1743,1576,1318,0,35,15,18,0,99,10,89
93652,373,279,100,0,2,0,0,81,11,8,3
93653,1324,1152,1070,1,32,11,0,59,69,5,64
93654,31093,22803,7341,448,33,1175,89,5136,1409,227,1182
93656,7345,3245,2015,96,98,50,0,3784,72,33,39
93657,35093,27568,8853,67,165,1810,0,4801,682,74,608
93660,4360,3490,345,0,0,0,0,853,17,17,0
93662,30454,23823,3942,108,216,1433,230,3049,1595,363,1232
93664,486,435,425,0,0,8,0,11,32,0,32
93665,882,536,0,162,0,0,0,184,0,0,0
93666,1117,1028,13,0,0,15,0,58,16,16,0
93667,2877,2464,2278,0,246,16,0,11,140,9,131
93668,1018,605,256,0,0,0,0,364,49,0,49
93669,160,130,130,0,15,0,0,15,0,0,0
93673,834,760,109,0,3,3,0,33,35,0,35
93675,3248,2763,2152,0,246,50,0,29,160,14,146
93701,10011,4997,1092,820,162,1040,0,2713,279,118,161
93702,44650,22693,2894,2201,517,5729,27,12541,942,289,653
93703,33143,17593,4957,1846,504,5090,24,7074,1012,212,800
93704,28491,20102,12954,1788,365,1679,63,3602,892,164,728
93705,38315,20193,9618,4654,552,2365,34,8627,1890,754,1136
93706,40471,23501,4072,5896,467,3411,26,5216,1954,335,1619
93710,32410,20572,13615,2262,582,3179,144,4193,1478,127,1351
93711,37173,28407,22346,1311,430,2704,15,2238,2068,609,1459
93720,46813,33988,26799,1433,178,5621,79,3078,2436,246,2190
93721,7182,2993,1667,805,241,475,7,2368,293,59,234
93722,84481,46169,20641,8702,671,13654,51,10784,4450,1515,2935
93723,12246,7444,4369,363,63,1928,143,1282,1023,113,910
93725,27239,12530,3211,1115,380,4847,0,7719,648,133,515
93726,42610,23990,11139,4104,630,5144,22,6957,1763,452,1311
93727,81118,41522,19331,4298,470,18013,222,13537,3056,1290,1766
93728,15945,11366,5126,725,390,440,71,2390,563,116,447
93730,11693,8837,7315,44,56,2255,15,142,344,46,298
93901,27624,18806,9802,326,307,1526,29,5577,1053,279,774
93905,61251,33996,2205,243,307,1357,0,24866,482,174,308
93906,65464,34780,10166,1458,350,5734,25,20105,3012,1068,1944
93907,22171,14372,8195,397,213,1458,148,4485,1098,318,780
93908,11490,9643,7823,86,11,712,61,749,228,34,194
93920,1271,1206,733,0,0,33,0,32,0,0,0
93921,3485,3162,2886,2,12,91,0,43,175,84,91
93923,12787,11430,10739,108,53,721,24,93,358,1,357
93924,6013,5451,4814,39,21,106,0,123,273,0,273
93925,1913,1447,199,0,0,5,0,461,0,0,0
93926,9505,7026,407,21,42,158,0,2247,11,0,11
93927,18612,12634,1306,141,76,104,0,5435,222,96,126
93928,401,202,136,45,0,0,0,0,154,0,154
93930,16914,10812,2053,136,104,213,0,5282,367,125,242
93932,782,757,558,25,0,0,0,0,0,0,0
93933,24388,12895,9287,1732,232,4175,586,1917,2851,480,2371
93940,32554,25920,21668,1095,98,2440,94,1021,1886,78,1808
93943,0,0,0,0,0,0,0,0,0,0,0
93950,15650,13655,12336,208,62,803,0,281,641,43,598
93953,4490,3755,3487,50,0,563,0,32,90,9,81
93954,346,298,71,0,0,5,0,39,4,0,4
93955,34614,20425,10857,2645,267,3280,957,4279,2761,325,2436
93960,26788,16137,4018,2254,452,646,70,5951,1278,386,892
93962,562,562,497,0,0,0,0,0,0,0,0
94002,27213,17087,15075,356,48,7371,104,690,1557,214,1343
94005,4642,2428,1934,248,0,1388,0,317,261,13,248
94010,42889,26646,24659,543,135,11127,74,1714,2650,286,2364
94014,49354,10707,4688,1786,345,25918,366,7921,2311,723,1588
94015,64580,14978,10750,2232,142,38639,726,5351,2512,517,1995
94019,20521,16357,12611,84,25,975,158,2296,626,46,580
94020,1492,1336,1321,3,9,11,20,64,49,0,49
94021,212,212,82,0,0,0,0,0,0,0,0
94022,19568,12736,12253,114,7,5599,13,106,993,64,929
94024,23690,15388,14365,55,47,6655,0,240,1305,112,1193
94025,42016,29376,25164,1759,242,5740,507,2433,1959,154,1805
94027,7371,5554,5296,29,41,1325,12,89,321,17,304
94028,7051,5915,5728,22,0,482,0,159,473,0,473
94030,22763,9483,7627,117,96,11019,70,925,1053,45,1008
94037,2909,2609,2550,0,0,22,0,143,135,0,135
94038,3805,3073,2354,16,0,65,0,450,201,0,201
94040,35470,18556,15123,631,86,12340,113,2150,1594,156,1438
94041,14471,9068,6803,336,17,3488,33,845,684,54,630
94043,30667,18217,14513,641,150,8416,216,1284,1743,249,1494
94044,39141,24882,20699,726,119,7756,600,1540,3518,579,2939
94060,1544,1241,904,6,0,14,0,253,30,0,30
94061,39473,26411,19688,576,132,3649,314,6666,1725,215,1510
94062,27350,22262,19723,250,93,2242,0,1295,1208,302,906
94063,33999,16116,6322,968,412,2520,610,12254,1119,600,519
94065,12794,5892,5398,259,0,5384,0,310,949,142,807
94066,43097,21141,14815,684,65,12355,841,5005,3006,685,2321
94070,30745,23859,21529,175,18,4485,80,569,1559,87,1472
94074,215,209,183,0,0,0,0,6,0,0,0
94080,67423,22870,12794,1371,102,26835,1055,11081,4109,1093,3016
94085,23395,10631,5319,554,248,8973,152,2063,774,58,716
94086,49235,21848,15903,747,160,21632,47,2544,2257,320,1937
94087,57178,24549,21929,769,144,27823,349,1051,2493,367,2126
94089,22135,9164,6881,537,8,9701,38,1943,744,89,655
94102,30140,13570,10556,3300,175,8863,110,2661,1461,261,1200
94103,26990,11263,8906,2395,294,8257,140,3096,1545,333,1212
94104,436,177,130,0,0,169,0,75,15,15,0
94105,7675,3908,3601,41,0,3290,47,102,287,54,233
94107,29920,15881,14609,1784,68,8958,5,1595,1629,156,1473
94108,14856,5110,4594,389,29,8459,70,377,422,91,331
94109,56587,34621,31788,2349,191,14606,32,2589,2199,373,1826
94110,73737,41759,32079,2447,458,10226,111,14485,4251,1086,3165
94111,3356,1829,1562,243,19,954,0,47,264,32,232
94112,85373,20813,13433,3083,443,43326,70,13770,3868,1035,2833
94114,34561,26570,24626,680,98,4354,100,742,2017,173,1844
94115,35751,20587,18822,3662,428,8256,271,917,1630,28,1602
94116,47708,17599,15630,1001,69,25282,92,1425,2240,167,2073
94117,43610,32506,29501,2144,108,5133,65,1160,2494,341,2153
94118,41417,23844,22068,890,9,13565,49,747,2313,135,2178
94121,43638,19621,18107,872,51,19660,175,700,2559,182,2377
94122,62516,24547,22793,774,112,30844,319,1770,4150,565,3585
94123,25461,21219,19808,470,67,2565,23,306,811,22,789
94124,35492,4768,2674,10212,29,12341,897,5404,1841,402,1439
94127,21093,11788,10531,637,64,6848,48,518,1190,58,1132
94128,126,59,47,10,17,0,0,16,24,10,14
94129,4019,3411,3216,13,0,182,0,201,212,0,212
94130,3129,1235,867,547,101,392,37,435,382,41,341
94131,29056,18825,16581,1420,125,5366,39,1953,1328,111,1217
94132,31155,10830,9001,2520,82,13672,22,2274,1755,297,1458
94133,26942,11558,10501,218,27,13538,0,727,874,246,628
94134,43074,7137,4323,3057,173,24162,504,6479,1562,536,1026
94158,6547,3266,2669,506,86,2079,0,245,365,70,295
94301,17137,12120,11219,277,28,3559,0,199,954,75,879
94303,47850,19985,11974,3484,157,8378,3132,10632,2082,247,1835
94304,3829,2638,2444,87,11,968,0,31,94,0,94
94305,15343,8696,7287,661,56,4124,40,273,1493,180,1313
94306,27902,16426,14249,300,104,9321,53,496,1202,254,948
94401,36145,20066,11447,1180,163,6341,1440,5116,1839,247,1592
94402,25163,16150,14132,397,21,5641,111,1256,1587,219,1368
94403,43393,24345,19795,710,156,11255,621,3464,2842,604,2238
94404,36573,16426,14947,730,81,17118,16,393,1809,281,1528
94501,63762,31623,28155,5412,294,18175,466,2963,4829,730,4099
94502,14484,6013,5274,452,10,6489,23,451,1046,34,1012
94503,20371,7841,4712,1666,232,7278,129,1868,1357,275,1082
94505,15780,12594,11078,864,181,668,72,390,1011,219,792
94506,24895,17505,16169,425,23,5689,42,298,913,290,623
94507,15829,13785,13018,127,26,1038,40,409,404,0,404
94508,4176,2837,2289,268,26,472,7,374,192,69,123
94509,66741,33304,21918,11814,816,4786,446,10021,5554,2110,3444
94510,28043,20071,17372,1639,105,3120,89,886,2133,274,1859
94511,2379,2130,1832,91,0,0,0,108,50,0,50
94512,94,94,75,0,0,0,0,0,0,0,0
94513,61300,40882,33230,4372,278,5822,384,4623,4939,633,4306
94514,1593,1348,900,31,17,11,1,171,14,14,0
94515,7785,6180,4125,40,59,245,0,1107,154,55,99
94516,128,112,112,0,0,0,0,4,12,4,8
94517,13244,10888,10004,191,87,889,37,223,929,34,895
94518,27967,19151,14943,1057,133,2985,45,2651,1945,377,1568
94519,19101,13102,10415,457,109,2040,122,1989,1282,166,1116
94520,39027,22556,11705,1604,122,4323,194,7593,2635,790,1845
94521,43850,32546,27716,1421,197,5258,135,1953,2340,387,1953
94523,34905,26271,22974,664,61,4662,168,955,2124,325,1799
94525,3142,2479,2091,78,32,21,0,236,296,118,178
94526,32850,27840,26260,459,15,3393,9,139,995,59,936
94528,552,552,552,0,0,0,0,0,0,0,0
94530,25289,13418,11894,1368,150,7168,50,935,2200,173,2027
94531,43285,15144,10796,10309,79,7186,638,5565,4364,1085,3279
94533,74833,32463,19771,12353,489,11185,1023,11576,5744,916,4828
94534,37409,20138,16684,3446,132,8338,669,2025,2661,324,2337
94535,4130,2767,2345,483,11,342,71,88,368,88,280
94536,73876,24974,21103,2380,326,34198,586,7048,4364,1257,3107
94538,67133,17043,14159,2285,332,33932,656,8624,4261,956,3305
94539,52354,9216,8462,903,133,38872,342,810,2078,630,1448
94541,65690,33800,14082,9238,411,9964,810,7681,3786,603,3183
94542,13706,6544,4817,1595,36,3078,172,1301,980,139,841
94544,78717,30377,10732,7271,597,19238,1733,14581,4920,1090,3830
94545,32495,10149,4610,2343,205,12963,1085,3028,2722,501,2221
94546,44285,27110,22011,3518,241,8687,435,1695,2599,300,2299
94547,25260,6117,4018,4153,26,12344,13,896,1711,149,1562
94548,418,418,319,0,0,0,0,0,0,0,0
94549,29547,24101,22402,365,49,3101,11,255,1665,70,1595
94550,50646,41243,34453,455,96,4755,302,1001,2794,554,2240
94551,44285,30983,24138,726,94,7820,75,1823,2764,588,2176
94552,14887,6435,5546,952,40,6228,18,188,1026,64,962
94553,49748,37157,31491,1471,316,3958,291,3089,3466,391,3075
94555,37657,6390,5505,1325,153,25646,411,1641,2091,374,1717
94556,16249,11801,11034,398,30,2974,35,188,823,123,700
94558,68617,52878,40441,498,503,2409,75,10042,2212,677,1535
94559,28089,21941,14883,336,408,508,86,3669,1141,203,938
94560,45554,15212,11580,2293,184,13953,355,10094,3463,1372,2091
94561,40905,25573,17884,3620,474,3110,159,5066,2903,554,2349
94563,19179,14434,13660,273,102,3105,24,38,1203,50,1153
94564,19162,9130,6413,1890,63,4823,25,1094,2137,444,1693
94565,93549,33110,17052,14030,763,13945,1257,22022,8422,2118,6304
94566,45001,29682,26630,744,95,11284,87,909,2200,231,1969
94567,642,568,384,0,3,0,0,69,2,0,2
94568,52599,25204,21765,2677,235,19732,177,1258,3316,523,2793
94569,194,194,194,0,0,0,0,0,0,0,0
94571,9480,7533,6588,604,20,684,47,406,186,11,175
94572,10174,5018,2704,1235,84,2021,66,751,999,209,790
94573,20,20,20,0,0,0,0,0,0,0,0
94574,9100,7805,6056,126,0,140,0,832,197,69,128
94575,1174,833,654,44,8,131,23,23,112,29,83
94576,107,103,103,0,0,2,0,2,0,0,0
94577,47822,20848,12867,5434,400,13023,540,4279,3298,755,2543
94578,40897,15580,6545,8156,592,10669,273,3269,2358,598,1760
94579,22452,7651,4897,1651,332,10532,160,1305,821,267,554
94580,30326,14718,7032,1544,433,7819,85,4305,1422,203,1219
94582,41073,13292,11809,1189,89,23444,215,418,2426,181,2245
94583,35244,20904,18326,833,248,10523,24,534,2178,428,1750
94585,29605,12239,8525,6171,190,5933,230,2405,2437,180,2257
94586,936,826,797,4,0,65,3,34,4,0,4
94587,74354,15638,11498,3738,364,39590,1211,9201,4612,1599,3013
94588,35707,18331,16574,851,113,14109,338,494,1471,199,1272
94589,30833,11067,5294,6898,125,7355,343,3333,1712,256,1456
94590,37036,16469,9948,9598,175,4679,368,3166,2581,229,2352
94591,55232,20607,14986,9284,177,16482,564,3524,4594,555,4039
94592,996,411,348,129,7,285,28,5,131,75,56
94595,17632,15040,14483,423,24,1511,55,99,480,30,450
94596,20881,15816,14154,300,47,3049,76,533,1060,108,952
94597,23030,16634,14851,417,13,3957,135,513,1361,52,1309
94598,27398,20621,18863,350,13,4497,0,191,1726,182,1544
94599,3117,2788,2531,64,5,96,0,86,78,6,72
94601,50763,14719,4719,9079,947,8599,395,13944,3080,446,2634
94602,30098,13316,11614,5010,409,6579,116,2109,2559,445,2114
94603,33952,7902,1345,10776,393,1713,309,11208,1651,616,1035
94605,44260,10671,7493,19665,261,2774,137,6321,4431,726,3705
94606,38441,10577,7303,6965,625,14232,347,3693,2002,386,1616
94607,26904,6900,5532,8676,178,7611,138,1966,1435,172,1263
94608,30041,12948,11658,8290,180,4498,169,1790,2166,398,1768
94609,22339,11302,9920,5538,103,2053,60,1142,2141,405,1736
94610,31354,17077,15865,5678,110,4666,67,1279,2477,379,2098
94611,38684,26438,24871,2780,104,5712,241,621,2788,143,2645
94612,16027,5474,4754,4416,155,4236,28,739,979,228,751
94613,864,369,287,50,0,272,8,91,74,19,55
94618,16566,12205,11427,625,12,1977,70,471,1206,124,1082
94619,24536,9307,7452,5274,54,5541,96,2108,2156,313,1843
94621,33557,6014,1214,10582,148,783,378,14227,1425,375,1050
94702,17534,9397,8409,3347,102,2347,61,704,1576,174,1402
94703,21886,12740,11541,2772,70,3404,42,773,2085,356,1729
94704,27961,13119,11312,1787,140,9701,256,1204,1754,337,1417
94705,13235,10433,9698,458,45,1466,9,240,584,59,525
94706,21050,11262,10192,828,204,5460,182,1315,1799,195,1604
94707,12024,9510,9031,176,7,1346,16,163,806,13,793
94708,11533,9413,9075,216,11,1377,0,73,443,22,421
94709,11736,7405,6940,221,26,2849,50,386,799,63,736
94710,7341,3993,3315,1300,136,632,133,517,630,37,593
94720,3061,1108,947,61,27,1493,0,169,203,42,161
94801,29974,12628,3299,4547,146,2444,163,8904,1142,168,974
94803,25798,13325,8818,2937,49,5879,205,1164,2239,187,2052
94804,40640,14129,6722,10521,78,5238,190,8179,2305,511,1794
94805,15076,7382,5245,2025,7,2364,51,2407,840,185,655
94806,63660,30758,8490,9910,444,10904,142,8260,3242,382,2860
94850,0,0,0,0,0,0,0,0,0,0,0
94901,42398,27105,22279,1177,178,2158,0,10232,1548,226,1322
94903,30872,23271,21909,490,48,2711,255,1987,2110,615,1495
94904,12633,11303,10665,212,8,452,13,320,325,0,325
94920,12851,11494,10651,59,25,448,12,187,626,0,626
94922,555,382,362,12,0,0,0,161,0,0,0
94923,751,729,712,0,0,0,0,22,0,0,0
94924,1247,1122,1061,0,0,35,0,0,90,6,84
94925,9811,8322,7744,115,0,513,0,461,400,77,323
94928,43663,31664,27098,838,239,2492,51,5619,2760,255,2505
94929,156,113,113,0,0,8,0,35,0,0,0
94930,8784,7846,7338,16,32,379,0,25,486,20,466
94931,8462,6919,6074,229,0,144,11,584,575,100,475
94933,763,654,502,5,0,0,0,23,81,0,81
94937,766,687,619,0,0,10,0,69,0,0,0
94938,1033,953,953,0,0,0,0,0,80,0,80
94939,7079,6219,5875,104,33,410,0,71,242,0,242
94940,248,217,217,0,31,0,0,0,0,0,0
94941,31389,26942,25618,218,87,2146,46,310,1640,112,1528
94945,19487,14357,12874,356,0,948,8,2860,958,234,724
94946,812,724,634,10,0,12,0,66,0,0,0
94947,26020,20450,17954,503,84,1821,22,1882,1258,71,1187
94949,17153,11982,10744,521,31,1525,29,2180,885,141,744
94950,122,112,112,10,0,0,0,0,0,0,0
94951,4489,3583,3436,97,0,103,0,484,222,0,222
94952,35423,29298,26123,425,198,733,119,3082,1568,390,1178
94954,38316,29744,26300,306,118,2126,44,4417,1561,365,1196
94956,1329,1131,1104,0,18,0,0,180,0,0,0
94957,1326,1269,1257,10,0,28,0,5,14,9,5
94960,15812,14435,13908,101,2,556,26,92,600,145,455
94963,522,522,508,0,0,0,0,0,0,0,0
94964,3447,719,671,856,60,268,50,1000,494,111,383
94965,11217,8707,7971,989,28,454,31,638,370,36,334
94970,717,675,668,7,0,0,0,15,20,0,20
94971,398,330,265,0,0,27,0,0,41,0,41
94972,22,22,22,0,0,0,0,0,0,0,0
94973,1599,1565,1543,0,24,0,0,0,10,0,10
95002,2032,789,456,84,0,333,0,768,58,21,37
95003,25195,22104,19824,363,109,869,9,392,1349,205,1144
95004,3978,3493,2515,0,17,22,0,277,169,140,29
95005,7327,6527,6114,32,65,142,0,176,385,17,368
95006,9032,7911,7254,94,57,176,0,123,671,199,472
95007,762,727,722,0,0,0,0,15,20,0,20
95008,46251,30022,24582,1416,271,9022,180,2794,2546,122,2424
95010,9288,7982,5949,46,13,422,0,249,576,17,559
95012,10639,6135,1077,135,0,253,0,3927,189,74,115
95013,79,75,45,0,0,0,0,0,4,4,0
95014,62682,17652,16354,522,94,41627,214,756,1817,199,1618
95017,612,516,402,0,12,38,0,40,6,0,6
95018,7078,6391,6004,57,15,162,27,143,283,11,272
95019,6915,4254,800,83,0,106,0,2287,185,32,153
95020,63251,46688,20144,1012,540,4242,0,7748,3021,966,2055
95023,51846,42194,17375,431,426,1552,98,4722,2423,860,1563
95030,13075,10966,10483,126,94,1335,0,115,439,13,426
95032,26437,20156,18459,403,31,4145,28,377,1297,124,1173
95033,9805,8807,8594,24,0,456,27,128,363,21,342
95035,75614,12464,8312,2365,332,50484,548,6005,3416,914,2502
95037,50210,36684,25516,891,308,5125,64,4082,3056,587,2469
95039,1063,686,284,0,11,50,0,312,4,0,4
95041,427,427,162,0,0,0,0,0,0,0,0
95043,663,625,467,6,0,5,0,20,7,3,4
95045,4274,3699,1899,5,0,91,26,296,157,49,108
95046,6282,4540,2485,161,17,392,287,655,230,57,173
95050,38479,21028,16305,1415,74,9721,560,3441,2240,352,1888
95051,57087,21220,16664,1826,254,27035,340,3556,2856,412,2444
95053,3532,2162,1837,151,9,743,0,87,380,73,307
95054,24835,7569,6014,1043,37,14150,20,1009,1007,168,839
95060,47369,38173,32852,715,434,3136,39,1869,3003,649,2354
95062,37728,31873,25583,247,114,1063,78,2797,1556,232,1324
95064,9993,5426,3506,247,30,2834,40,687,729,73,656
95065,8461,7122,5915,102,9,232,19,426,551,97,454
95066,15429,13748,12352,33,88,786,0,157,617,23,594
95070,31420,15171,14083,227,160,14661,11,195,995,53,942
95073,11491,9912,8698,76,11,227,0,770,495,63,432
95075,425,413,347,0,0,5,0,3,4,0,4
95076,87781,53440,20862,340,794,2424,66,28168,2549,767,1782
95110,19451,7687,3785,698,187,2645,20,7242,972,427,545
95111,64891,24421,5856,1602,371,22341,245,12651,3260,930,2330
95112,62039,22391,14327,2825,665,15276,354,16512,4016,1171,2845
95113,1759,916,781,272,0,529,0,32,10,0,10
95116,56243,13488,3849,1293,541,14054,212,24769,1886,817,1069
95117,29338,15592,10820,1759,25,7140,412,3499,911,123,788
95118,31799,21069,16679,730,67,5528,125,2025,2255,347,1908
95119,10754,6821,4361,494,112,1885,11,782,649,37,612
95120,37937,22257,20499,462,61,12744,76,416,1921,152,1769
95121,38909,10520,3651,1266,369,21529,223,3140,1862,617,1245
95122,58057,15000,1653,1233,391,20740,758,18178,1757,748,1009
95123,66858,38002,26706,3002,256,15032,62,5753,4751,756,3995
95124,50055,35025,29020,704,264,9843,19,1421,2779,284,2495
95125,54802,37113,29744,1081,371,7667,115,5083,3372,956,2416
95126,35758,19028,13651,1863,245,5835,0,5897,2890,634,2256
95127,66686,19698,9246,1308,517,16289,295,25917,2662,1063,1599
95128,37301,21018,14089,1654,130,5693,210,6448,2148,360,1788
95129,40231,11258,10004,547,59,26194,24,891,1258,227,1031
95130,14293,7874,6291,306,18,4629,38,696,732,277,455
95131,30540,5067,3378,794,180,20808,70,2474,1147,283,864
95132,40854,8525,6092,896,157,26018,40,3240,1978,345,1633
95133,28905,4776,3078,419,87,17885,95,4726,917,350,567
95134,23984,7792,6380,900,15,12082,0,2123,1072,289,783
95135,22415,7450,5748,403,68,12917,132,518,927,282,645
95136,45754,23780,16031,1903,573,12963,198,2756,3581,830,2751
95138,20146,7187,4898,703,14,9889,37,1159,1157,411,746
95139,7108,4327,3199,132,0,1084,0,745,820,143,677
95140,70,54,54,16,0,0,0,0,0,0,0
95148,49780,9904,4684,1527,235,29241,301,6736,1836,682,1154
95202,6295,2706,1055,1400,191,814,0,703,481,142,339
95203,15779,8803,3735,1943,164,826,54,2768,1221,48,1173
95204,28486,17397,10424,1965,233,2630,52,2429,3780,525,3255
95205,36773,19499,4920,2457,271,2335,151,9437,2623,278,2345
95206,64836,29338,4807,7747,459,11392,159,12305,3436,545,2891
95207,50653,22529,15314,6637,377,8004,361,3159,9586,441,9145
95209,43768,19136,13430,4847,130,10689,338,4030,4598,652,3946
95210,41724,14266,6124,4913,198,14519,606,3591,3631,639,2992
95211,1636,875,761,36,12,639,7,10,57,9,48
95212,27512,8489,6016,1508,42,11900,615,2636,2322,311,2011
95215,24250,15105,7259,517,170,619,64,6346,1429,354,1075
95219,29238,16118,12099,3050,76,5681,144,1480,2689,482,2207
95220,7288,5977,4974,2,10,134,0,238,927,9,918
95222,5017,4682,4259,0,28,17,36,36,218,0,218
95223,3004,2886,2732,0,10,42,0,20,46,0,46
95224,184,176,176,0,0,0,0,0,8,0,8
95225,436,246,193,0,138,31,0,0,21,0,21
95226,15,15,15,0,0,0,0,0,0,0,0
95227,806,465,433,0,7,0,0,294,40,0,40
95228,4452,4203,3821,0,0,100,0,78,71,0,71
95230,564,539,371,0,0,4,0,21,0,0,0
95231,4863,3189,1070,406,79,241,25,680,243,76,167
95232,105,105,105,0,0,0,0,0,0,0,0
95233,539,539,520,0,0,0,0,0,0,0,0
95234,110,110,0,0,0,0,0,0,0,0,0
95236,4447,3361,2336,73,23,15,0,190,785,86,699
95237,3189,2376,1920,0,21,112,0,236,444,26,418
95240,48282,28742,20769,590,280,4340,42,5421,8867,270,8597
95242,26349,20716,17275,471,208,1457,178,1167,2152,258,1894
95245,2005,1942,1687,3,15,0,0,0,45,10,35
95246,1001,914,877,0,10,0,0,31,46,0,46
95247,4546,4307,3849,21,81,0,0,96,41,0,41
95248,148,130,130,0,0,0,0,0,18,0,18
95249,4918,3962,3767,81,30,136,151,76,482,13,469
95250,0,0,0,0,0,0,0,0,0,0,0
95251,604,551,530,0,0,0,0,18,35,0,35
95252,14981,13813,11679,156,81,153,0,97,681,30,651
95254,1093,1055,865,0,0,38,0,0,0,0,0
95255,1593,1462,1403,0,104,10,17,0,0,0,0
95257,441,400,356,0,0,0,0,20,21,0,21
95258,3993,3436,2614,112,43,190,0,107,105,8,97
95301,38675,22786,14349,1676,280,2185,78,9943,1727,438,1289
95303,778,552,375,15,15,12,0,172,12,0,12
95304,14592,9431,6331,1236,107,876,54,1118,1770,251,1519
95305,52,52,52,0,0,0,0,0,0,0,0
95306,852,810,775,0,11,0,0,0,31,0,31
95307,43888,28499,12659,1156,352,2446,184,9474,1777,879,898
95310,1924,1791,1741,0,0,0,11,0,122,0,122
95311,1764,1663,1425,9,7,6,0,36,43,0,43
95312,270,230,132,0,0,0,0,40,0,0,0
95313,1296,1040,442,0,167,0,5,84,0,0,0
95314,0,0,0,0,0,0,0,0,0,0,0
95315,13707,7075,2721,145,79,419,0,5483,506,294,212
95316,6748,6100,4738,73,0,31,0,460,84,0,84
95317,904,439,234,11,0,0,0,438,16,16,0
95318,378,378,365,0,0,0,0,0,0,0,0
95319,1687,1242,522,81,3,3,0,321,37,37,0
95320,13018,11565,8770,0,55,110,0,851,437,0,437
95321,3118,2859,2556,0,105,27,10,0,117,0,117
95322,9367,7167,3042,59,22,78,1,1686,354,87,267
95323,1141,983,732,0,20,3,0,123,12,10,2
95324,7551,5960,5159,0,25,12,0,869,685,301,384
95325,19,19,19,0,0,0,0,0,0,0,0
95326,9827,8260,5563,17,50,362,55,688,395,65,330
95327,7655,5739,5023,668,238,97,45,539,329,148,181
95328,4586,3173,1197,18,133,0,0,1165,97,26,71
95329,2691,2260,1929,105,16,18,0,81,211,0,211
95330,20969,9422,4812,1339,90,5455,75,2674,1914,242,1672
95333,2696,1879,674,29,3,27,0,705,53,38,15
95334,16804,6078,1853,124,218,3028,0,6961,395,150,245
95335,198,116,116,0,34,48,0,0,0,0,0
95336,47166,33422,21310,1798,339,2243,211,5907,3246,765,2481
95337,36700,24344,14979,1461,305,4808,179,3057,2546,453,2093
95338,11015,9868,9183,128,388,42,56,98,435,61,374
95340,36543,22610,14015,1329,194,3517,55,6964,1874,675,1199
95341,32537,14882,5109,1197,188,4276,24,10824,1146,688,458
95345,624,522,476,49,21,8,0,24,0,0,0
95346,1798,1609,1350,0,0,60,0,77,52,0,52
95348,33888,17711,11072,2867,477,4832,67,5589,2345,973,1372
95350,52951,38917,28013,2118,552,3444,394,4999,2527,751,1776
95351,49836,33660,9487,1061,377,3468,109,9311,1850,369,1481
95354,25090,19499,12227,1247,156,1111,291,1934,852,131,721
95355,58279,43997,31814,2830,430,4997,674,2971,2380,299,2081
95356,33032,22589,16365,1448,194,3850,634,2047,2270,382,1888
95357,11701,8381,5429,198,214,498,421,1220,769,187,582
95358,33350,23152,10579,665,91,1356,56,6807,1223,418,805
95360,12645,11119,3268,258,108,236,12,614,298,97,201
95361,34140,30246,22741,269,49,593,51,1687,1245,51,1194
95363,26726,19968,6480,1698,237,1061,314,2284,1164,88,1076
95364,0,0,0,0,0,0,0,0,0,0,0
95365,4795,2551,119,22,17,30,0,2041,134,109,25
95366,17358,15285,11967,121,94,376,12,579,891,122,769
95367,24884,19774,8991,183,211,1011,176,2291,1238,623,615
95368,14247,9734,5630,89,9,711,110,2625,969,403,566
95369,1080,749,638,0,28,0,0,259,44,36,8
95370,27680,24724,23061,201,305,340,66,773,1271,183,1088
95372,2243,1984,1659,0,126,0,0,26,107,0,107
95374,1847,1345,1063,39,20,0,0,427,16,16,0
95375,5,4,3,0,0,1,0,0,0,0,0
95376,52371,33752,18054,2689,240,4658,430,6277,4325,855,3470
95377,32637,16356,10194,1767,43,8332,379,2062,3698,765,2933
95379,3616,3072,3022,1,136,14,0,182,211,56,155
95380,42398,33431,17588,923,380,1121,171,4889,1483,616,867
95382,37490,29980,23473,642,72,3000,0,1929,1867,546,1321
95383,4227,4053,3849,0,0,0,23,0,151,0,151
95385,465,454,198,0,0,0,0,0,11,0,11
95386,10568,7642,5055,147,0,254,13,2037,475,69,406
95387,564,525,66,0,0,0,0,39,0,0,0
95388,14114,6849,3415,204,11,491,189,5952,418,366,52
95389,1397,1083,956,29,11,106,0,126,42,0,42
95391,15738,5822,4547,1353,33,5811,88,654,1977,670,1307
95401,39229,28150,20452,650,366,1549,247,5817,2450,781,1669
95403,46288,31247,25398,1409,683,2134,359,6947,3509,768,2741
95404,41536,31451,27835,984,904,1998,271,3610,2318,185,2133
95405,20994,17018,15373,287,180,1188,190,926,1205,56,1149
95407,41797,21285,12537,1380,1311,2891,167,11892,2871,479,2392
95409,26905,22014,20214,330,421,994,49,1507,1590,319,1271
95410,951,765,721,0,0,56,46,15,69,0,69
95412,431,312,308,2,71,0,0,46,0,0,0
95415,1342,1241,583,3,3,0,0,20,75,0,75
95417,359,317,265,0,0,5,0,0,37,0,37
95420,752,688,667,0,10,54,0,0,0,0,0
95421,1739,1509,1402,7,5,34,7,127,50,0,50
95422,15360,10687,9621,806,344,19,0,2919,585,64,521
95423,3818,3285,3230,36,120,21,0,253,103,45,58
95425,10571,8157,6521,92,486,270,14,1165,387,155,232
95426,1531,1454,1444,1,0,38,0,38,0,0,0
95427,203,194,194,0,9,0,0,0,0,0,0
95428,2467,1387,1025,25,750,2,4,31,268,2,266
95429,90,84,84,0,6,0,0,0,0,0,0
95430,6,6,6,0,0,0,0,0,0,0,0
95431,238,211,211,7,7,10,0,3,0,0,0
95432,489,422,392,0,7,19,0,21,20,0,20
95435,179,179,179,0,0,0,0,0,0,0,0
95436,6227,5577,5056,156,88,123,0,128,155,53,102
95437,14489,11988,10197,159,322,173,46,1180,621,154,467
95439,725,424,358,0,0,19,0,228,54,0,54
95441,1889,1197,1081,23,0,46,0,534,89,21,68
95442,3366,2741,2713,36,41,141,0,348,59,0,59
95443,311,311,311,0,0,0,0,0,0,0,0
95444,769,415,410,0,12,0,0,223,119,46,73
95445,1930,1904,1689,6,0,20,0,0,0,0,0
95446,4728,4065,3679,49,40,95,23,148,308,6,302
95448,17666,13659,11668,29,101,209,11,2970,687,261,426
95449,1794,1386,1146,0,276,86,0,24,22,0,22
95450,285,258,256,8,0,2,2,15,0,0,0
95451,12016,8872,8304,255,65,36,0,2583,205,42,163
95452,1276,1213,1213,0,0,8,0,0,55,0,55
95453,10717,8513,7650,31,740,345,1,831,256,56,200
95454,2190,1608,1544,8,337,9,5,64,159,26,133
95456,733,721,721,0,0,12,0,0,0,0,0
95457,3058,2463,2380,14,138,0,0,363,80,11,69
95458,3162,2288,2014,57,267,194,0,319,37,8,29
95459,587,474,345,0,40,1,0,6,66,0,66
95460,2314,2047,1969,0,19,111,0,67,70,0,70
95461,2497,2098,1905,91,24,160,0,86,38,0,38
95462,1151,1053,1030,0,0,16,9,8,65,0,65
95463,50,50,50,0,0,0,0,0,0,0,0
95464,2634,1813,1662,156,371,48,0,162,84,0,84
95465,2041,1871,1853,26,7,21,0,68,48,0,48
95466,1087,1020,712,3,0,0,0,42,22,0,22
95467,5735,5080,4734,20,15,87,32,341,160,12,148
95468,1561,1150,786,18,277,19,0,14,83,2,81
95469,1970,1711,1659,12,11,7,0,37,192,11,181
95470,6226,5304,3959,5,350,77,0,334,156,2,154
95471,630,595,458,0,0,0,0,0,35,0,35
95472,30723,28117,26133,206,50,585,64,487,1214,213,1001
95476,37187,29813,24933,122,66,681,39,5548,918,312,606
95482,31993,25787,18276,338,864,715,57,2324,1908,159,1749
95485,2728,2510,2235,26,117,5,0,56,14,0,14
95486,79,79,60,0,0,0,0,0,0,0,0
95488,227,220,220,0,0,0,0,0,7,0,7
95490,12655,10919,9703,17,418,136,28,421,716,122,594
95492,29590,21818,17677,138,356,996,0,4586,1696,538,1158
95493,218,218,218,0,0,0,0,0,0,0,0
95494,196,162,99,11,0,0,0,23,0,0,0
95497,1137,1071,1071,0,0,0,0,66,0,0,0
95501,23624,18066,16840,606,708,1388,0,1137,1719,165,1554
95503,25215,20382,19222,165,741,1467,58,856,1546,97,1449
95511,240,240,219,0,0,0,0,0,0,0,0
95514,169,153,153,0,16,0,0,0,0,0,0
95519,19328,16732,15414,54,890,190,12,549,901,7,894
95521,21311,16767,15370,478,470,457,34,1517,1588,131,1457
95524,1735,1652,1561,0,6,34,0,9,34,8,26
95525,1497,1258,1230,0,93,19,0,26,101,0,101
95526,222,208,201,0,9,1,0,0,4,0,4
95527,565,543,539,0,10,0,0,3,9,0,9
95528,1254,1137,1102,0,70,9,0,3,35,2,33
95531,23092,18104,14879,481,1585,697,15,708,1502,120,1382
95536,3112,2832,2471,17,11,29,0,115,108,0,108
95537,147,94,94,0,0,0,0,0,53,0,53
95540,14001,11856,10628,63,382,89,45,900,666,85,581
95542,1831,1722,1624,37,4,2,18,11,37,0,37
95543,989,764,735,4,43,0,0,4,174,13,161
95545,112,104,104,5,0,0,0,3,0,0,0
95546,3542,379,346,33,2676,47,233,2,172,4,168
95547,1004,955,932,0,12,8,0,0,29,0,29
95548,1228,809,664,8,334,0,6,11,60,0,60
95549,880,866,832,1,3,6,0,0,4,0,4
95550,123,107,60,0,3,8,0,0,5,0,5
95551,1468,1107,955,0,261,21,0,44,35,3,32
95552,750,610,594,0,17,0,0,28,95,0,95
95553,1030,972,972,58,0,0,0,0,0,0,0
95554,264,230,197,0,0,27,0,0,7,0,7
95555,340,285,285,0,37,0,0,0,18,0,18
95556,706,348,348,16,255,0,0,0,87,0,87
95558,436,356,356,0,9,16,0,13,42,0,42
95559,93,93,93,0,0,0,0,0,0,0,0
95560,1787,1684,1468,19,13,0,0,17,54,40,14
95562,3447,3039,2942,9,111,45,0,76,167,24,143
95563,681,534,517,0,46,71,0,6,24,0,24
95564,380,299,295,0,19,2,0,23,37,0,37
95565,946,828,802,0,55,3,0,0,60,11,49
95567,2133,1396,955,0,196,79,0,186,276,2,274
95568,203,122,76,10,33,1,0,10,27,0,27
95569,308,244,227,15,25,0,0,12,12,1,11
95570,2253,1981,1849,13,129,56,0,5,69,2,67
95571,307,307,307,0,0,0,0,0,0,0,0
95573,1449,1138,1036,20,33,0,18,0,240,0,240
95585,575,508,408,15,4,7,0,21,20,0,20
95587,51,51,51,0,0,0,0,0,0,0,0
95589,1036,1025,1016,0,1,2,0,0,8,0,8
95595,147,87,87,0,3,37,0,0,20,0,20
95601,132,119,110,0,0,0,0,0,13,0,13
95602,18517,17413,15027,155,24,166,12,311,436,136,300
95603,29083,26481,24205,58,85,756,0,228,1475,50,1425
95604,106,106,106,0,0,0,0,0,0,0,0
95605,14677,9786,6362,806,151,1058,101,1449,1326,241,1085
95606,211,99,72,0,0,49,0,0,63,0,63
95607,415,338,278,0,0,0,0,22,55,9,46
95608,61365,48711,43599,3190,267,3018,189,1447,4543,405,4138
95610,45429,38063,31247,2035,435,1480,65,1351,2000,314,1686
95612,1062,838,693,0,0,48,0,71,105,8,97
95614,4360,4250,4238,0,41,15,0,0,54,0,54
95615,1015,696,561,76,0,16,0,186,41,13,28
95616,50068,30427,26389,1438,64,12393,122,2378,3246,422,2824
95618,27721,17903,15394,405,67,6067,52,1407,1820,175,1645
95619,4966,4738,4295,0,53,85,0,29,61,8,53
95620,21588,14913,10343,478,49,849,52,3862,1385,456,929
95621,41893,33905,29676,1719,243,1931,55,1597,2443,395,2048
95623,3734,3605,3475,10,18,55,0,0,46,0,46
95624,65447,35799,28458,4737,570,16384,1531,1996,4430,956,3474
95625,88,88,71,0,0,0,0,0,0,0,0
95626,6030,5340,4700,40,116,155,0,266,113,23,90
95627,3892,2766,1295,0,0,386,0,645,95,41,54
95628,40882,35222,32126,901,123,1508,49,788,2291,264,2027
95629,898,894,865,0,0,0,0,4,0,0,0
95630,75864,52900,47543,3168,283,12492,313,2063,4645,652,3993
95631,6638,6358,5864,32,12,19,0,88,129,37,92
95632,31523,23788,14887,558,260,1612,48,3055,2202,645,1557
95633,3760,3581,3369,37,29,40,20,0,53,0,53
95634,3027,2868,2337,15,24,18,0,29,73,12,61
95635,870,792,733,16,34,4,0,18,6,6,0
95636,954,820,692,0,41,0,0,17,76,0,76
95637,315,78,78,87,0,0,0,150,0,0,0
95638,2204,1775,1477,36,19,111,0,215,48,5,43
95639,309,119,28,0,24,11,0,56,99,0,99
95640,10609,8297,7214,737,123,101,32,818,501,77,424
95641,1657,1316,1178,21,42,35,13,142,88,10,78
95642,6615,5883,5601,15,30,152,28,30,477,3,474
95645,1810,1572,586,0,24,61,0,130,23,8,15
95646,73,57,53,8,0,4,0,0,4,0,4
95648,51276,42186,35800,950,200,2952,206,2674,2108,314,1794
95650,13192,11610,11239,77,0,323,0,359,823,51,772
95651,778,672,640,1,93,7,0,5,0,0,0
95652,876,556,546,104,0,108,0,33,75,0,75
95653,727,315,73,0,28,10,0,299,75,75,0
95655,4091,2635,2280,390,0,529,126,110,301,62,239
95658,6811,6299,5663,99,46,111,0,53,203,1,202
95659,853,780,629,0,3,16,0,42,12,0,12
95660,35397,24022,16583,4482,50,2489,84,2172,2098,429,1669
95661,31085,26047,22993,616,338,2348,50,694,992,66,926
95662,31738,27840,25563,529,217,839,71,525,1717,106,1611
95663,2573,2397,2211,0,19,0,19,27,111,38,73
95664,1372,1206,1093,0,0,24,0,0,142,0,142
95665,5267,4875,4187,25,10,18,12,228,99,0,99
95666,4985,4479,4150,14,26,95,0,105,266,0,266
95667,36717,33035,30349,244,290,592,52,1103,1401,157,1244
95668,839,745,690,0,1,40,1,26,26,0,26
95669,2373,2162,1928,5,11,0,9,46,140,0,140
95670,54348,36273,29378,4125,287,5812,461,3621,3769,458,3311
95672,5225,4505,4042,7,31,270,0,62,350,11,339
95673,15604,12274,10120,418,117,1344,34,675,742,361,381
95674,916,798,660,0,3,76,2,7,30,7,23
95675,452,385,385,0,0,0,0,26,41,0,41
95677,24571,20341,18362,478,114,1279,57,573,1729,88,1641
95678,42096,32515,27841,754,87,3268,153,2650,2669,535,2134
95679,64,64,64,0,0,0,0,0,0,0,0
95680,116,9,9,0,0,0,0,107,0,0,0
95681,1304,1144,822,0,26,61,0,0,73,0,73
95682,30304,27554,24697,189,75,654,0,664,1168,179,989
95683,6173,5427,4806,161,32,223,16,57,257,39,218
95684,3260,3078,2821,18,7,40,0,22,95,0,95
95685,4573,4225,3997,0,78,26,3,109,132,1,131
95686,1021,690,382,6,0,86,0,118,121,8,113
95687,67504,42768,34511,8296,422,4900,299,4960,5859,927,4932
95688,36745,26320,21608,2375,189,2280,35,3361,2185,612,1573
95689,1288,1203,1203,0,17,7,0,0,61,3,58
95690,2346,1826,897,10,0,135,0,369,6,0,6
95691,37743,25289,18907,1365,187,4214,448,2650,3590,460,3130
95692,5256,4458,3865,8,43,155,42,187,363,47,316
95693,6408,5971,4758,118,21,126,6,81,85,0,85
95694,10310,8319,5069,46,84,86,0,1455,320,129,191
95695,40121,30382,18859,810,530,1502,76,5219,1602,317,1285
95697,392,230,116,0,0,0,0,162,0,0,0
95698,215,215,131,0,0,0,0,0,0,0,0
95699,201,18,18,0,0,183,0,0,0,0,0
95701,769,704,670,0,5,44,0,4,12,0,12
95703,1033,929,805,28,10,52,0,0,14,0,14
95709,5001,4689,4414,0,62,40,0,27,183,1,182
95713,9944,9065,8383,236,280,2,0,106,255,23,232
95714,325,297,297,0,12,0,0,16,0,0,0
95715,71,64,46,0,4,0,0,3,0,0,0
95717,121,121,121,0,0,0,0,0,0,0,0
95720,42,39,37,0,0,0,0,3,0,0,0
95721,14,14,14,0,0,0,0,0,0,0,0
95722,4791,4690,4482,0,0,33,0,30,38,13,25
95724,18,18,0,0,0,0,0,0,0,0,0
95726,9152,8383,7500,5,165,183,86,173,157,0,157
95728,251,251,251,0,0,0,0,0,0,0,0
95735,2,2,2,0,0,0,0,0,0,0,0
95736,209,186,179,15,0,0,0,0,8,8,0
95742,11119,5853,4762,680,48,3236,33,196,1073,129,944
95746,23641,19594,18279,241,0,2005,0,414,1387,90,1297
95747,64320,48196,43771,1273,463,8405,364,2149,3470,578,2892
95757,48242,17334,12428,6502,247,16856,388,2401,4514,753,3761
95758,63977,27475,19862,9147,375,17447,681,3044,5808,951,4857
95762,41709,32816,29467,898,211,4917,124,789,1954,195,1759
95765,37134,28796,25584,723,240,4150,13,845,2367,279,2088
95776,23169,14804,7427,232,239,3257,112,3652,873,171,702
95811,5874,3759,3104,913,85,371,0,500,246,37,209
95814,11023,7101,5705,1594,157,947,24,786,414,52,362
95815,25606,12075,7776,2807,362,1926,246,6777,1413,130,1283
95816,17143,13241,11730,851,178,1270,46,574,983,129,854
95817,13277,7968,6101,2075,218,1288,12,964,752,97,655
95818,20946,14287,11870,1651,53,2840,61,693,1361,193,1168
95819,19134,15965,13867,543,82,958,40,550,996,70,926
95820,36624,20200,10938,4364,276,4333,396,4450,2605,891,1714
95821,35734,22906,20633,4015,447,1810,155,3695,2706,227,2479
95822,45349,20530,11760,7073,265,8937,673,4688,3183,556,2627
95823,78398,24863,10928,16246,595,19111,2982,9569,5032,818,4214
95824,30935,11260,4367,3281,227,8442,582,5571,1572,247,1325
95825,34201,19316,17027,4503,209,3057,0,4982,2134,574,1560
95826,37701,23647,19419,3627,265,3741,276,3041,3104,617,2487
95827,21005,13135,10551,2826,215,1901,195,1174,1559,314,1245
95828,60988,20021,11626,7144,671,20745,975,5878,5554,1652,3902
95829,27417,11878,8714,2471,115,8512,353,1322,2766,499,2267
95830,963,554,454,0,19,169,0,32,189,0,189
95831,42218,18956,14792,5676,82,11886,159,1935,3524,434,3090
95832,11389,2457,1365,2770,3,2458,1122,1100,1479,459,1020
95833,40569,20520,12013,5352,485,4664,419,5785,3344,626,2718
95834,27089,11067,7652,4089,105,5918,329,3524,2057,374,1683
95835,38607,18133,13482,4857,367,9959,339,1814,3138,426,2712
95837,237,222,179,0,0,8,0,0,7,0,7
95838,38051,16620,9621,5613,231,6621,1062,5643,2261,281,1980
95841,20551,13735,11495,1807,421,1275,86,1263,1964,143,1821
95842,31971,21016,17260,3657,282,1705,110,2087,3114,289,2825
95843,47088,30843,27025,3752,183,5176,1201,2721,3212,561,2651
95864,23458,18060,16673,721,14,1585,22,1583,1473,102,1371
95901,33150,23577,17679,1534,320,2594,152,2350,2623,539,2084
95903,1530,956,836,151,4,114,0,40,265,8,257
95910,130,130,130,0,0,0,0,0,0,0,0
95912,4830,4598,1373,0,22,24,0,70,116,0,116
95914,666,632,609,12,6,0,0,8,8,0,8
95915,0,0,0,0,0,0,0,0,0,0,0
95916,1136,1009,999,21,33,14,9,11,39,11,28
95917,3599,2578,1754,9,82,30,0,499,401,61,340
95918,2738,2258,2149,79,94,81,0,31,195,15,180
95919,1209,987,918,0,0,32,0,0,190,0,190
95920,350,327,158,0,0,0,0,23,0,0,0
95922,526,472,442,2,2,14,0,16,20,0,20
95923,16,16,16,0,0,0,0,0,0,0,0
95925,203,203,203,0,0,0,0,0,0,0,0
95926,39032,32189,28575,638,237,2344,63,1772,1789,282,1507
95928,36696,29802,25726,735,426,1552,83,1940,2158,229,1929
95930,182,176,176,0,6,0,0,0,0,0,0
95932,7669,6664,3269,76,117,113,16,412,271,55,216
95934,381,225,225,0,83,0,0,18,55,0,55
95935,680,636,608,27,0,0,0,0,17,0,17
95936,90,86,77,0,0,0,0,0,4,0,4
95937,1569,1285,507,110,0,0,0,72,102,9,93
95938,4290,4015,3708,0,0,17,0,97,161,17,144
95939,695,370,302,47,213,0,12,37,16,0,16
95941,644,475,353,0,0,0,0,0,169,0,169
95942,672,607,588,0,0,0,0,0,65,0,65
95943,834,792,655,15,0,0,0,19,8,0,8
95944,33,33,33,0,0,0,0,0,0,0,0
95945,25462,23249,22047,84,524,227,0,436,942,18,924
95946,9812,9055,8457,180,93,194,0,19,271,0,271
95947,1856,1708,1537,0,68,0,0,13,67,0,67
95948,10796,7881,5542,41,121,277,6,1972,498,99,399
95949,19828,18465,17642,6,135,158,54,249,761,61,700
95950,461,273,89,0,0,0,0,180,8,0,8
95951,3063,2552,493,0,0,94,45,364,8,0,8
95953,10553,7998,4068,91,92,877,4,730,761,144,617
95954,13062,11959,11121,7,189,77,26,53,751,127,624
95955,1354,1323,844,0,11,0,0,0,20,0,20
95956,324,278,278,10,19,17,0,0,0,0,0
95957,901,829,603,18,5,4,0,7,38,10,28
95959,17595,16009,15038,141,103,261,27,256,798,71,727
95960,726,639,639,0,43,0,0,8,36,0,36
95961,27203,19021,13312,672,514,1814,106,2637,2439,341,2098
95962,1157,1104,1063,10,0,0,0,0,43,0,43
95963,14720,12879,8412,19,82,338,56,1196,150,30,120
95965,20637,14348,12786,775,272,2748,35,402,2057,117,1940
95966,29583,22677,20409,424,687,2078,116,1040,2561,219,2342
95968,1215,815,517,13,20,0,0,294,73,0,73
95969,27919,25982,24707,67,399,269,0,102,1100,82,1018
95970,572,513,420,0,12,0,0,20,27,0,27
95971,5913,5221,4860,143,103,31,0,219,196,13,183
95973,35574,30374,26836,630,155,787,86,1456,2086,447,1639
95974,65,65,65,0,0,0,0,0,0,0,0
95975,1352,1289,973,9,30,24,0,0,0,0,0
95977,2138,1805,1786,62,23,0,0,239,9,0,9
95978,132,132,132,0,0,0,0,0,0,0,0
95979,729,540,471,72,12,6,0,4,95,0,95
95981,33,0,0,0,33,0,0,0,0,0,0
95982,3258,2705,2508,0,128,2,24,153,246,44,202
95983,401,307,307,0,16,0,46,0,32,0,32
95984,41,41,41,0,0,0,0,0,0,0,0
95986,78,78,78,0,0,0,0,0,0,0,0
95987,6050,5187,1458,50,85,185,0,501,42,25,17
95988,8655,6679,5027,139,240,300,0,898,399,9,390
95991,40959,30597,19336,1057,355,3937,220,2201,2592,226,2366
95993,36712,22213,16611,804,291,9613,288,1014,2489,399,2090
96001,33986,29581,27760,382,1035,785,9,873,1321,277,1044
96002,33697,27641,25237,545,769,1848,0,1026,1868,248,1620
96003,44406,38679,35649,496,704,2051,49,705,1722,255,1467
96006,359,311,311,0,43,0,0,0,5,0,5
96007,23528,20583,18380,273,658,327,24,463,1200,146,1054
96008,1357,1336,1330,9,0,0,0,0,12,6,6
96009,366,366,366,0,0,0,0,0,0,0,0
96010,207,195,185,0,6,0,0,0,6,0,6
96011,150,131,126,0,12,0,0,0,7,0,7
96013,4733,4266,3986,49,205,85,0,101,27,0,27
96014,157,135,126,0,0,0,0,22,0,0,0
96015,647,593,344,0,0,41,0,6,7,7,0
96016,539,517,510,0,22,0,0,0,0,0,0
96017,142,135,134,3,0,3,0,0,1,0,1
96019,10087,8571,8052,148,259,94,22,175,818,14,804
96020,2457,2196,2079,1,0,1,0,17,242,0,242
96021,16670,14005,8744,129,315,188,16,1416,601,118,483
96022,16256,14686,13883,61,381,115,42,548,423,184,239
96023,1158,949,730,22,56,0,0,86,45,0,45
96024,852,773,760,0,35,0,0,0,44,1,43
96025,2008,1725,1604,83,35,28,0,37,100,4,96
96027,2340,2019,1974,11,73,26,0,15,196,0,196
96028,1363,1143,1070,0,81,2,0,45,92,86,6
96029,186,184,154,0,0,0,0,0,2,0,2
96031,126,87,85,0,18,0,0,0,21,0,21
96032,2493,1910,1795,9,183,134,21,46,190,55,135
96033,536,495,480,2,3,10,7,0,19,0,19
96034,203,169,169,0,22,1,0,4,7,4,3
96035,3593,2933,1863,0,212,47,0,245,156,17,139
96037,249,217,217,0,0,0,0,0,32,0,32
96038,739,706,686,0,3,0,0,0,30,0,30
96039,941,569,528,4,207,1,5,2,153,20,133
96040,240,218,161,0,22,0,0,0,0,0,0
96041,2869,2303,2093,22,98,48,0,330,68,0,68
96044,927,842,799,0,21,6,0,0,58,6,52
96046,63,63,63,0,0,0,0,0,0,0,0
96047,702,649,629,0,30,2,0,0,21,0,21
96048,687,648,587,0,20,0,0,2,17,0,17
96049,46,32,32,0,11,0,0,0,3,0,3
96050,389,340,322,11,3,1,0,0,34,0,34
96051,1238,1067,1017,5,51,6,0,0,109,0,109
96052,1440,1258,1241,71,33,0,0,34,44,10,34
96054,269,255,232,0,14,0,0,0,0,0,0
96055,3793,3378,2922,3,63,19,0,252,78,36,42
96056,1668,1545,1353,0,98,0,0,0,25,0,25
96057,1345,1277,1183,1,14,0,0,0,53,0,53
96058,625,544,258,21,21,0,0,29,10,0,10
96059,684,608,588,0,8,4,0,0,64,0,64
96061,21,21,21,0,0,0,0,0,0,0,0
96062,1026,973,935,0,29,0,0,0,24,4,20
96063,310,248,248,0,0,0,0,2,60,0,60
96064,4832,4198,3815,18,127,57,6,78,348,14,334
96065,363,298,291,10,34,0,0,17,4,0,4
96067,6991,6594,6121,35,11,51,22,0,278,52,226
96068,158,113,53,36,0,0,0,9,0,0,0
96069,782,736,726,17,7,8,0,4,10,0,10
96071,47,47,47,0,0,0,0,0,0,0,0
96073,4009,3829,3723,15,60,24,0,0,81,0,81
96074,166,138,121,28,0,0,0,0,0,0,0
96075,282,227,184,20,19,0,0,6,10,0,10
96076,193,174,168,2,15,2,0,0,0,0,0
96080,28075,24405,21163,180,606,506,11,1248,1119,134,985
96084,444,298,286,0,34,0,0,10,102,71,31
96085,105,70,70,0,4,0,0,0,31,0,31
96086,265,210,190,0,3,2,0,0,50,1,49
96087,718,705,656,0,0,0,0,0,13,0,13
96088,4400,4029,3873,7,133,63,0,35,133,10,123
96090,392,366,330,0,8,6,0,10,2,0,2
96091,710,634,628,0,62,3,0,4,7,0,7
96092,227,156,156,0,12,19,0,19,21,0,21
96093,4011,3596,3462,11,214,2,118,9,61,0,61
96094,6579,5411,4913,305,99,228,3,150,383,101,282
96096,745,680,626,2,43,0,0,2,18,0,18
96097,9726,7913,7567,139,563,151,104,174,682,40,642
96101,5528,5130,4507,55,166,28,8,19,122,0,122
96103,1445,1382,1311,0,36,7,0,1,19,0,19
96104,520,493,445,0,23,1,0,2,1,0,1
96105,90,90,90,0,0,0,0,0,0,0,0
96106,165,136,136,0,0,29,0,0,0,0,0
96107,1122,936,896,10,126,1,0,17,32,3,29
96108,17,17,17,0,0,0,0,0,0,0,0
96109,678,678,664,0,0,0,0,0,0,0,0
96110,164,159,135,0,0,0,0,0,5,0,5
96111,59,59,59,0,0,0,0,0,0,0,0
96112,295,136,129,2,122,35,0,0,0,0,0
96113,2078,1209,831,421,122,40,0,181,105,60,45
96114,3266,3053,2966,3,7,44,0,56,103,0,103
96115,145,137,137,8,0,0,0,0,0,0,0
96116,138,138,138,0,0,0,0,0,0,0,0
96117,332,332,306,0,0,0,0,0,0,0,0
96118,1767,1721,1442,2,3,0,0,0,41,0,41
96119,76,76,66,0,0,0,0,0,0,0,0
96120,1097,736,691,10,263,4,8,0,76,0,76
96121,335,335,331,0,0,0,0,0,0,0,0
96122,3629,3330,3004,6,12,46,9,90,136,47,89
96123,40,40,40,0,0,0,0,0,0,0,0
96124,324,319,319,0,0,0,0,0,5,0,5
96125,187,183,183,0,0,0,0,0,4,0,4
96126,80,76,76,2,0,0,0,1,1,0,1
96128,811,713,685,13,53,1,0,29,2,0,2
96129,144,144,127,0,0,0,0,0,0,0,0
96130,20479,16148,12060,2194,708,375,216,479,359,25,334
96132,122,110,98,0,0,0,0,9,3,0,3
96133,183,171,0,0,0,0,0,12,0,0,0
96134,1951,1869,933,6,5,0,0,42,29,0,29
96135,190,190,190,0,0,0,0,0,0,0,0
96136,38,38,38,0,0,0,0,0,0,0,0
96137,3601,3202,3064,67,124,17,0,112,79,0,79
96140,816,715,689,0,35,0,0,0,66,0,66
96141,348,339,339,0,0,7,0,2,0,0,0
96142,578,466,448,0,39,8,0,0,65,0,65
96143,3250,2840,2145,0,24,16,0,328,42,0,42
96145,2406,2309,2204,23,5,0,0,36,33,0,33
96146,1030,1016,992,0,0,0,0,1,13,0,13
96148,853,789,437,0,0,0,0,64,0,0,0
96150,29103,24681,20403,349,134,912,51,2085,891,157,734
96155,0,0,0,0,0,0,0,0,0,0,0
96161,18369,16968,14720,99,27,261,18,630,366,113,253
97520,25164,23273,22146,374,89,502,0,215,711,9,702
97603,29086,25893,22962,120,757,330,33,270,1683,207,1476
97623,2490,2354,2219,6,49,0,3,28,50,0,50
97632,1544,1335,801,9,0,10,0,162,28,0,28
97633,1150,1147,801,0,3,0,0,0,0,0,0
97635,214,155,155,0,0,0,0,0,59,0,59